arrival_time,market_id_in_subsession,price,buy_sell_indicator,time_in_force,fundamental_value
0.004,1,920000,S,5,884406.067
0.004,1,940000,S,5,884406.067
0.02,1,880000,B,5,884406.067
0.029,1,810000,S,5,884406.067
0.272,1,900000,S,5,884406.067
0.32,1,860000,B,5,884406.067
0.413,1,890000,B,5,884406.067
0.735,1,920000,S,5,884406.067
0.903,1,860000,B,5,884406.067
0.941,1,880000,B,5,884406.067
1.004,1,860000,B,5,884406.067
1.046,1,860000,B,5,884406.067
1.094,1,880000,S,5,884406.067
1.099,1,930000,S,5,884406.067
1.573,1,840000,B,5,884406.067
1.63,1,880000,S,5,884406.067
1.638,1,890000,B,5,884406.067
1.828,1,890000,B,5,884406.067
1.911,1,850000,B,5,884406.067
1.997,1,890000,S,5,884406.067
2.024,1,890000,B,5,884406.067
2.111,1,880000,B,5,884406.067
2.183,1,910000,B,5,884406.067
2.23,1,950000,S,5,884406.067
2.386,1,810000,B,5,884406.067
2.442,1,820000,B,5,884406.067
2.568,1,820000,B,5,884406.067
2.816,1,900000,B,5,884406.067
3.147,1,970000,S,5,884406.067
3.349,1,820000,S,5,884406.067
3.37,1,860000,B,5,884406.067
3.541,1,870000,S,5,884406.067
3.624,1,890000,B,5,884406.067
3.726,1,880000,S,5,884406.067
3.788,1,920000,B,5,884406.067
3.802,1,890000,S,5,884406.067
3.921,1,890000,B,5,884406.067
3.941,1,860000,B,5,884406.067
3.987,1,850000,S,5,884406.067
4.345,1,880000,B,5,884406.067
4.356,1,880000,S,5,884406.067
4.477,1,900000,B,5,884406.067
4.717,1,800000,B,5,884406.067
4.773,1,940000,S,5,884406.067
4.897,1,850000,B,5,884406.067
4.984,1,890000,S,5,884406.067
5.021,1,890000,S,5,884406.067
5.105,1,800000,B,5,884406.067
5.11,1,910000,S,5,884406.067
5.32,1,910000,B,5,884406.067
5.456,1,880000,B,5,884406.067
5.559,1,900000,B,5,884406.067
5.624,1,880000,S,5,884406.067
5.647,1,910000,S,5,884406.067
5.713,1,900000,S,5,884406.067
5.948,1,910000,S,5,884406.067
6.066,1,960000,S,5,884406.067
6.134,1,860000,B,5,884406.067
6.306,1,880000,S,5,884406.067
6.321,1,910000,B,5,884406.067
6.348,1,940000,S,5,884406.067
6.401,1,920000,S,5,884406.067
6.565,1,900000,S,5,884406.067
6.583,1,900000,S,5,884406.067
6.647,1,920000,S,5,884406.067
6.774,1,840000,B,5,884406.067
6.783,1,840000,B,5,884406.067
6.804,1,920000,S,5,884406.067
7.045,1,910000,S,5,884406.067
7.084,1,930000,S,5,884406.067
7.305,1,900000,S,5,884406.067
7.371,1,890000,S,5,884406.067
7.547,1,840000,S,5,884406.067
7.583,1,930000,S,5,884406.067
7.642,1,860000,B,5,884406.067
7.721,1,930000,S,5,884406.067
7.742,1,840000,B,5,884406.067
8.261,1,860000,B,5,884406.067
8.381,1,860000,S,5,884406.067
8.508,1,890000,B,5,884406.067
8.777,1,870000,B,5,884406.067
8.927,1,950000,S,5,884406.067
9.049,1,850000,B,5,884406.067
9.063,1,930000,S,5,884406.067
9.145,1,900000,S,5,884406.067
9.215,1,920000,S,5,884406.067
9.217,1,830000,B,5,884406.067
9.237,1,920000,B,5,884406.067
9.422,1,870000,S,5,884406.067
9.475,1,900000,B,5,884406.067
9.581,1,900000,S,5,884406.067
9.614,1,890000,S,5,884406.067
9.706,1,900000,B,5,884406.067
9.925,1,860000,B,5,884406.067
10.014,1,880000,S,5,884406.067
10.022,1,950000,S,5,884406.067
10.022,1,920000,B,5,884406.067
10.092,1,960000,S,5,884406.067
10.135,1,910000,S,5,884406.067
10.208,1,880000,B,5,884406.067
10.222,1,980000,S,5,884406.067
10.407,1,840000,S,5,884406.067
10.447,1,910000,B,5,884406.067
10.475,1,910000,B,5,884406.067
10.514,1,880000,B,5,884406.067
10.735,1,840000,B,5,884406.067
10.766,1,890000,B,5,884406.067
10.982,1,890000,B,5,884406.067
10.985,1,910000,S,5,884406.067
11.207,1,940000,S,5,884406.067
11.211,1,910000,S,5,884406.067
11.231,1,910000,S,5,884406.067
11.347,1,870000,S,5,884406.067
11.541,1,870000,B,5,884406.067
11.598,1,860000,S,5,884406.067
11.669,1,920000,S,5,884406.067
11.739,1,870000,B,5,884406.067
11.757,1,910000,S,5,884406.067
11.779,1,840000,B,5,884406.067
12.066,1,880000,B,5,884406.067
12.156,1,940000,S,5,884406.067
12.237,1,870000,S,5,884406.067
12.377,1,890000,S,5,884406.067
12.461,1,860000,B,5,884406.067
12.463,1,870000,B,5,884406.067
12.522,1,880000,S,5,884406.067
12.615,1,850000,B,5,884406.067
12.626,1,880000,B,5,884406.067
12.647,1,890000,S,5,884406.067
12.778,1,930000,S,5,884406.067
12.809,1,920000,S,5,884406.067
12.888,1,860000,B,5,884406.067
12.95,1,920000,S,5,884406.067
13.077,1,900000,S,5,884406.067
13.091,1,880000,B,5,884406.067
13.144,1,850000,B,5,884406.067
13.433,1,880000,S,5,884406.067
13.758,1,910000,S,5,884406.067
13.769,1,810000,B,5,884406.067
13.8,1,920000,B,5,884406.067
14.014,1,900000,B,5,884406.067
14.06,1,940000,B,5,884406.067
14.104,1,880000,S,5,884406.067
14.277,1,950000,S,5,884406.067
14.279,1,910000,S,5,884406.067
14.492,1,870000,S,5,884406.067
14.629,1,880000,S,5,884406.067
14.794,1,850000,B,5,884406.067
14.811,1,870000,B,5,884406.067
14.973,1,830000,S,5,884406.067
15.138,1,900000,B,5,884406.067
15.263,1,890000,B,5,884406.067
15.3,1,920000,S,5,884406.067
15.395,1,870000,B,5,884406.067
15.698,1,930000,S,5,884406.067
15.777,1,970000,S,5,884406.067
15.792,1,890000,S,5,884406.067
15.845,1,850000,B,5,884406.067
15.948,1,920000,S,5,884406.067
15.962,1,900000,S,5,884406.067
16.444,1,920000,S,5,884406.067
16.582,1,960000,S,5,884406.067
16.837,1,860000,B,5,884406.067
16.924,1,870000,S,5,884406.067
17.121,1,830000,B,5,884406.067
17.402,1,880000,B,5,884406.067
17.438,1,890000,S,5,884406.067
17.469,1,900000,B,5,884406.067
17.53,1,950000,S,5,884406.067
17.958,1,870000,B,5,884406.067
17.96,1,830000,B,5,884406.067
18.022,1,900000,S,5,884406.067
18.111,1,930000,B,5,884406.067
18.154,1,870000,B,5,884406.067
18.208,1,860000,B,5,884406.067
18.333,1,900000,B,5,884406.067
18.359,1,840000,B,5,884406.067
18.364,1,910000,S,5,884406.067
18.42,1,880000,S,5,884406.067
18.421,1,880000,B,5,884406.067
18.453,1,910000,S,5,884406.067
18.515,1,890000,S,5,884406.067
18.627,1,900000,S,5,884406.067
18.645,1,840000,B,5,884406.067
18.772,1,910000,B,5,884406.067
18.888,1,940000,S,5,884406.067
18.971,1,860000,B,5,884406.067
19.043,1,860000,B,5,884406.067
19.113,1,850000,S,5,884406.067
19.2,1,930000,S,5,884406.067
19.438,1,890000,B,5,884406.067
19.525,1,860000,B,5,884406.067
19.725,1,890000,S,5,884406.067
19.944,1,820000,B,5,884406.067
19.969,1,910000,S,5,884406.067
20.081,1,930000,S,5,884406.067
20.112,1,890000,B,5,884406.067
20.454,1,830000,B,5,884406.067
20.549,1,850000,S,5,884406.067
20.585,1,950000,S,5,884406.067
20.696,1,850000,B,5,884406.067
20.758,1,890000,B,5,884406.067
20.805,1,940000,S,5,884406.067
20.973,1,920000,S,5,884406.067
20.994,1,900000,S,5,884406.067
21.256,1,920000,S,5,884406.067
21.453,1,890000,S,5,884406.067
21.49,1,890000,S,5,884406.067
21.519,1,900000,B,5,884406.067
22.168,1,870000,B,5,884406.067
22.208,1,920000,S,5,884406.067
22.289,1,860000,S,5,884406.067
22.467,1,930000,S,5,884406.067
22.55,1,940000,S,5,884406.067
22.612,1,850000,B,5,884406.067
22.678,1,940000,S,5,884406.067
22.694,1,880000,B,5,884406.067
22.745,1,860000,S,5,884406.067
22.776,1,860000,B,5,884406.067
22.844,1,880000,B,5,884406.067
22.869,1,910000,B,5,884406.067
22.962,1,840000,B,5,884406.067
22.991,1,960000,S,5,884406.067
23.248,1,840000,B,5,884406.067
23.32,1,940000,S,5,884406.067
23.501,1,920000,S,5,884406.067
23.633,1,880000,S,5,884406.067
23.684,1,850000,B,5,884406.067
23.757,1,870000,B,5,884406.067
23.825,1,870000,S,5,884406.067
23.844,1,930000,S,5,884406.067
23.936,1,850000,S,5,884406.067
24.045,1,960000,S,5,884406.067
24.253,1,880000,S,5,884406.067
24.316,1,970000,S,5,884406.067
24.343,1,850000,B,5,884406.067
24.396,1,890000,S,5,884406.067
24.408,1,900000,B,5,884406.067
24.571,1,910000,S,5,884406.067
24.832,1,910000,S,5,884406.067
24.943,1,880000,S,5,884406.067
25.026,1,900000,S,5,884406.067
25.191,1,910000,B,5,884406.067
25.33,1,860000,B,5,884406.067
25.369,1,950000,S,5,884406.067
25.386,1,890000,B,5,884406.067
25.4,1,870000,B,5,884406.067
25.59,1,980000,B,5,1042659.623
25.743,1,1010000,B,5,1042659.623
25.825,1,1060000,S,5,1042659.623
26.136,1,1040000,S,5,1042659.623
26.232,1,1020000,B,5,1042659.623
26.235,1,1070000,S,5,1042659.623
26.399,1,1060000,S,5,1042659.623
26.479,1,1060000,S,5,1042659.623
26.648,1,990000,B,5,1042659.623
26.759,1,1130000,S,5,1042659.623
26.76,1,1070000,S,5,1042659.623
27.006,1,1070000,S,5,1042659.623
27.042,1,1090000,S,5,1042659.623
27.164,1,1080000,S,5,1042659.623
27.354,1,1060000,S,5,1042659.623
27.408,1,1080000,S,5,1042659.623
27.443,1,990000,B,5,1042659.623
27.754,1,1110000,S,5,1042659.623
27.763,1,1020000,B,5,1042659.623
28.529,1,1040000,S,5,1042659.623
28.685,1,1060000,S,5,1042659.623
28.792,1,1030000,B,5,1042659.623
29.058,1,1040000,B,5,1042659.623
29.079,1,1060000,B,5,1042659.623
29.123,1,1010000,B,5,1042659.623
29.125,1,1040000,S,5,1042659.623
29.126,1,1060000,S,5,1042659.623
29.238,1,1030000,S,5,1042659.623
29.454,1,1020000,B,5,1042659.623
29.479,1,1060000,B,5,1042659.623
29.537,1,1090000,S,5,1042659.623
29.883,1,1040000,S,5,1042659.623
30.002,1,1040000,B,5,1042659.623
30.096,1,1050000,S,5,1042659.623
30.142,1,1080000,S,5,1042659.623
30.179,1,1010000,B,5,1042659.623
30.18,1,1030000,B,5,1042659.623
30.406,1,1070000,S,5,1042659.623
30.426,1,1050000,S,5,1042659.623
30.524,1,1000000,B,5,1042659.623
30.6,1,1100000,S,5,1042659.623
30.705,1,1050000,S,5,1042659.623
30.99,1,1040000,S,5,1042659.623
31.148,1,1000000,B,5,1042659.623
31.206,1,1040000,S,5,1042659.623
31.47,1,1020000,B,5,1042659.623
31.633,1,1020000,B,5,1042659.623
31.768,1,1020000,B,5,1042659.623
31.776,1,1070000,B,5,1042659.623
31.802,1,1070000,S,5,1042659.623
31.817,1,1030000,S,5,1042659.623
31.953,1,1090000,S,5,1042659.623
31.955,1,1060000,S,5,1042659.623
31.968,1,980000,B,5,1042659.623
32.03,1,1060000,B,5,1042659.623
32.117,1,1060000,B,5,1042659.623
32.263,1,1050000,B,5,1070600.757
32.31,1,1040000,B,5,1070600.757
32.334,1,1090000,B,5,1070600.757
32.449,1,1110000,B,5,1070600.757
32.456,1,1030000,B,5,1070600.757
32.51,1,990000,B,5,1070600.757
32.559,1,1110000,B,5,1070600.757
32.952,1,1110000,S,5,1070600.757
33.276,1,1140000,S,5,1070600.757
33.294,1,1070000,S,5,1070600.757
33.417,1,1050000,B,5,1070600.757
33.571,1,1040000,B,5,1070600.757
33.646,1,1050000,S,5,1070600.757
33.664,1,990000,B,5,1070600.757
34.273,1,1040000,S,5,1070600.757
34.298,1,1070000,S,5,1070600.757
34.563,1,1050000,B,5,1070600.757
34.58,1,1110000,S,5,1070600.757
34.627,1,1070000,S,5,1070600.757
34.832,1,1040000,B,5,1070600.757
34.991,1,1100000,B,5,1070600.757
35.012,1,1040000,B,5,1070600.757
35.032,1,1140000,S,5,1070600.757
35.066,1,1070000,S,5,1070600.757
35.138,1,1020000,B,5,1070600.757
35.154,1,1040000,B,5,1070600.757
35.204,1,1030000,B,5,1070600.757
35.218,1,1010000,B,5,1070600.757
35.332,1,1060000,B,5,1070600.757
35.423,1,1090000,B,5,1070600.757
35.583,1,1030000,B,5,1070600.757
35.643,1,1080000,S,5,1070600.757
35.913,1,990000,B,5,1070600.757
35.951,1,1070000,S,5,1070600.757
35.967,1,1080000,B,5,1070600.757
36.069,1,1080000,S,5,1070600.757
36.271,1,1130000,S,5,1070600.757
36.285,1,1080000,B,5,1070600.757
36.389,1,1040000,B,5,1070600.757
36.445,1,1020000,B,5,1070600.757
36.45,1,1040000,B,5,1070600.757
36.474,1,1100000,S,5,1070600.757
36.52,1,1070000,B,5,1070600.757
36.52,1,1090000,S,5,1070600.757
36.582,1,1120000,B,5,1070600.757
36.702,1,990000,B,5,1070600.757
36.736,1,1080000,S,5,1070600.757
36.748,1,1150000,S,5,1070600.757
36.851,1,1040000,B,5,1070600.757
36.906,1,1000000,S,5,1070600.757
37.031,1,1020000,B,5,1070600.757
37.08,1,1060000,B,5,1070600.757
37.109,1,1000000,B,5,1070600.757
37.864,1,1090000,B,5,1070600.757
37.871,1,1020000,B,5,1070600.757
38.0,1,1030000,B,5,1070600.757
38.065,1,990000,B,5,1070600.757
38.132,1,1070000,S,5,1070600.757
38.292,1,1060000,S,5,1070600.757
38.396,1,1090000,S,5,1070600.757
38.399,1,1040000,B,5,1070600.757
38.402,1,1070000,S,5,1070600.757
38.574,1,1090000,S,5,1070600.757
38.587,1,1050000,B,5,1070600.757
38.668,1,1070000,B,5,1070600.757
38.7,1,1070000,B,5,1070600.757
38.709,1,1070000,B,5,1070600.757
38.745,1,990000,B,5,1070600.757
38.845,1,1030000,B,5,1070600.757
38.872,1,1040000,B,5,1070600.757
38.912,1,1070000,B,5,1070600.757
38.916,1,1050000,B,5,1070600.757
38.917,1,1040000,B,5,1070600.757
38.96,1,1050000,S,5,1070600.757
39.17,1,1070000,B,5,1070600.757
39.205,1,1180000,S,5,1070600.757
39.214,1,1150000,S,5,1070600.757
39.312,1,1110000,S,5,1070600.757
39.373,1,1080000,S,5,1070600.757
39.474,1,1030000,B,5,1070600.757
39.658,1,1080000,S,5,1070600.757
39.702,1,1020000,B,5,1070600.757
39.745,1,1050000,B,5,1070600.757
39.797,1,1090000,S,5,1070600.757
39.828,1,1110000,S,5,1070600.757
39.855,1,1050000,B,5,1070600.757
39.918,1,1110000,S,5,1070600.757
40.071,1,1000000,B,5,1011960.632
40.091,1,990000,B,5,1011960.632
40.211,1,1070000,S,5,1011960.632
40.324,1,1030000,S,5,1011960.632
40.479,1,1000000,B,5,1011960.632
40.558,1,1030000,S,5,1011960.632
40.62,1,980000,B,5,1011960.632
40.779,1,990000,S,5,1011960.632
40.957,1,1050000,S,5,1011960.632
41.116,1,1050000,S,5,1011960.632
41.473,1,1020000,B,5,1011960.632
41.518,1,960000,B,5,1011960.632
41.634,1,1080000,S,5,1011960.632
41.657,1,1040000,S,5,1011960.632
41.722,1,990000,S,5,1011960.632
41.779,1,960000,B,5,1011960.632
41.796,1,1050000,S,5,1011960.632
41.808,1,980000,B,5,1011960.632
41.855,1,1030000,S,5,1011960.632
42.124,1,980000,B,5,1011960.632
42.142,1,1020000,S,5,1011960.632
42.165,1,1050000,S,5,1011960.632
42.183,1,1060000,S,5,1011960.632
42.441,1,1050000,S,5,1011960.632
42.482,1,950000,B,5,1011960.632
42.68,1,1000000,B,5,1011960.632
42.765,1,1080000,S,5,1011960.632
42.848,1,970000,B,5,1011960.632
43.118,1,990000,B,5,1011960.632
43.329,1,1000000,B,5,1011960.632
43.485,1,1030000,S,5,1011960.632
43.554,1,980000,B,5,1011960.632
43.789,1,1060000,S,5,1011960.632
43.899,1,970000,B,5,1011960.632
44.232,1,1040000,B,5,1011960.632
44.398,1,1050000,B,5,1011960.632
44.481,1,960000,B,5,1011960.632
44.608,1,1040000,S,5,1011960.632
44.846,1,1020000,S,5,1011960.632
44.938,1,1060000,S,5,1011960.632
44.949,1,970000,B,5,1011960.632
45.285,1,1000000,B,5,1011960.632
45.398,1,980000,B,5,1011960.632
45.531,1,1070000,S,5,1011960.632
45.576,1,990000,B,5,1011960.632
45.767,1,1030000,S,5,1011960.632
45.826,1,1050000,S,5,1011960.632
45.939,1,980000,B,5,1011960.632
46.147,1,1000000,B,5,1011960.632
46.333,1,1110000,S,5,1011960.632
46.392,1,990000,B,5,1011960.632
46.529,1,950000,B,5,1011960.632
46.908,1,1030000,S,5,1011960.632
47.05,1,1010000,B,5,1011960.632
47.554,1,1000000,B,5,1011960.632
47.566,1,1050000,S,5,1011960.632
47.689,1,1010000,B,5,1011960.632
47.758,1,1030000,S,5,1011960.632
47.817,1,1030000,B,5,1011960.632
47.907,1,1070000,S,5,1011960.632
48.158,1,1030000,B,5,1011960.632
48.324,1,1040000,S,5,1011960.632
48.364,1,1040000,S,5,1011960.632
48.573,1,1040000,S,5,1011960.632
48.825,1,1000000,B,5,1011960.632
48.895,1,1030000,S,5,1011960.632
49.076,1,920000,B,5,1011960.632
49.142,1,1000000,B,5,1011960.632
49.166,1,1030000,B,5,1011960.632
49.183,1,910000,B,5,1011960.632
49.186,1,1070000,S,5,1011960.632
49.229,1,1010000,S,5,1011960.632
49.277,1,990000,B,5,1011960.632
49.279,1,1080000,S,5,1011960.632
49.293,1,990000,B,5,1011960.632
49.319,1,1000000,S,5,1011960.632
49.444,1,930000,B,5,1011960.632
49.496,1,1050000,S,5,1011960.632
49.622,1,1020000,S,5,1011960.632
49.734,1,1020000,B,5,1011960.632
49.82,1,970000,B,5,1011960.632
49.83,1,1060000,S,5,1011960.632
49.86,1,1000000,S,5,945521.068
49.913,1,930000,B,5,945521.068
50.012,1,910000,B,5,945521.068
50.095,1,970000,S,5,945521.068
50.096,1,930000,S,5,945521.068
50.127,1,970000,B,5,945521.068
50.273,1,970000,S,5,945521.068
50.57,1,1010000,S,5,945521.068
50.659,1,920000,B,5,945521.068
50.684,1,930000,S,5,945521.068
50.805,1,930000,B,5,945521.068
50.846,1,970000,B,5,945521.068
50.927,1,1050000,S,5,945521.068
50.947,1,880000,B,5,945521.068
51.048,1,880000,B,5,945521.068
51.066,1,890000,B,5,945521.068
51.196,1,970000,S,5,945521.068
51.238,1,920000,S,5,945521.068
51.244,1,910000,B,5,945521.068
51.405,1,950000,B,5,945521.068
51.927,1,960000,S,5,945521.068
51.958,1,990000,S,5,945521.068
52.155,1,920000,S,5,945521.068
52.36,1,920000,S,5,945521.068
52.406,1,970000,S,5,945521.068
52.435,1,890000,B,5,945521.068
52.44,1,1000000,S,5,945521.068
52.571,1,960000,S,5,945521.068
53.179,1,930000,B,5,945521.068
53.281,1,930000,B,5,945521.068
53.285,1,910000,S,5,945521.068
53.286,1,900000,B,5,945521.068
53.313,1,940000,S,5,945521.068
53.5,1,960000,B,5,945521.068
53.552,1,890000,B,5,945521.068
53.811,1,950000,S,5,945521.068
53.902,1,970000,S,5,945521.068
53.986,1,910000,B,5,945521.068
54.555,1,900000,S,5,945521.068
54.762,1,910000,B,5,945521.068
54.968,1,960000,B,5,945521.068
55.023,1,890000,B,5,945521.068
55.137,1,1020000,S,5,945521.068
55.345,1,940000,S,5,945521.068
55.382,1,970000,B,5,945521.068
55.623,1,990000,S,5,945521.068
55.63,1,920000,S,5,945521.068
55.687,1,940000,B,5,945521.068
55.842,1,920000,B,5,945521.068
55.877,1,930000,B,5,945521.068
55.878,1,1010000,S,5,945521.068
55.986,1,930000,S,5,945521.068
56.178,1,960000,S,5,945521.068
56.272,1,1000000,S,5,945521.068
56.307,1,960000,B,5,945521.068
56.362,1,940000,B,5,945521.068
56.407,1,940000,S,5,945521.068
56.411,1,980000,S,5,945521.068
56.464,1,930000,B,5,945521.068
56.495,1,1010000,S,5,945521.068
56.53,1,880000,B,5,945521.068
56.531,1,970000,S,5,945521.068
56.724,1,950000,B,5,945521.068
56.81,1,900000,B,5,945521.068
56.815,1,950000,S,5,945521.068
56.817,1,940000,B,5,945521.068
56.992,1,940000,B,5,945521.068
57.064,1,990000,S,5,945521.068
57.079,1,910000,S,5,945521.068
57.162,1,950000,S,5,945521.068
57.355,1,1000000,B,5,945521.068
57.389,1,910000,B,5,945521.068
57.471,1,940000,B,5,945521.068
57.551,1,930000,S,5,945521.068
57.667,1,980000,S,5,945521.068
57.693,1,1000000,S,5,945521.068
57.698,1,940000,S,5,945521.068
57.863,1,980000,S,5,945521.068
58.041,1,1000000,S,5,945521.068
58.163,1,890000,B,5,945521.068
58.415,1,840000,B,5,904144.944
58.478,1,920000,S,5,904144.944
58.594,1,860000,B,5,904144.944
58.641,1,920000,S,5,904144.944
58.786,1,890000,B,5,904144.944
58.863,1,920000,B,5,904144.944
59.092,1,950000,S,5,904144.944
59.28,1,840000,B,5,904144.944
59.507,1,920000,B,5,904144.944
59.579,1,890000,B,5,904144.944
59.677,1,850000,S,5,904144.944
59.696,1,890000,S,5,904144.944
59.739,1,830000,B,5,904144.944
59.793,1,900000,S,5,904144.944
59.857,1,850000,B,5,904144.944
60.118,1,940000,S,5,904144.944
60.168,1,870000,B,5,904144.944
60.241,1,890000,S,5,904144.944
60.328,1,920000,S,5,904144.944
60.382,1,930000,B,5,904144.944
60.439,1,930000,B,5,904144.944
60.455,1,870000,B,5,904144.944
60.548,1,870000,B,5,904144.944
60.555,1,840000,B,5,904144.944
60.574,1,920000,B,5,904144.944
60.632,1,900000,B,5,904144.944
60.637,1,850000,B,5,904144.944
60.914,1,910000,S,5,904144.944
61.01,1,940000,B,5,904144.944
61.108,1,920000,S,5,904144.944
61.2,1,980000,S,5,904144.944
61.319,1,870000,B,5,904144.944
61.374,1,880000,S,5,904144.944
61.393,1,910000,S,5,904144.944
61.452,1,870000,B,5,904144.944
61.47,1,940000,S,5,904144.944
61.484,1,850000,B,5,904144.944
61.507,1,940000,S,5,904144.944
61.51,1,880000,B,5,904144.944
61.598,1,880000,B,5,904144.944
61.68,1,930000,S,5,904144.944
61.781,1,890000,B,5,904144.944
61.853,1,970000,S,5,904144.944
61.924,1,900000,B,5,904144.944
61.982,1,930000,S,5,904144.944
62.09,1,990000,S,5,904144.944
62.127,1,960000,S,5,904144.944
62.283,1,850000,B,5,904144.944
62.348,1,870000,B,5,904144.944
62.702,1,920000,B,5,904144.944
62.737,1,930000,S,5,904144.944
62.749,1,870000,B,5,904144.944
62.837,1,900000,S,5,904144.944
62.862,1,830000,B,5,904144.944
62.892,1,970000,S,5,904144.944
62.928,1,910000,S,5,904144.944
62.945,1,910000,B,5,904144.944
63.133,1,930000,S,5,904144.944
63.305,1,890000,S,5,904144.944
63.336,1,950000,S,5,904144.944
63.359,1,900000,B,5,904144.944
63.382,1,990000,S,5,904144.944
63.467,1,950000,S,5,904144.944
63.552,1,910000,S,5,904144.944
63.623,1,910000,B,5,904144.944
63.638,1,900000,S,5,904144.944
63.683,1,920000,B,5,904144.944
63.906,1,900000,B,5,904144.944
64.086,1,940000,S,5,904144.944
64.131,1,930000,S,5,904144.944
64.276,1,900000,B,5,904144.944
64.333,1,890000,B,5,904144.944
64.558,1,880000,B,5,904144.944
64.69,1,930000,B,5,904144.944
64.778,1,910000,S,5,904144.944
64.863,1,880000,S,5,904144.944
64.937,1,900000,S,5,904144.944
65.051,1,940000,B,5,904144.944
65.388,1,930000,S,5,904144.944
65.419,1,810000,B,5,904144.944
65.49,1,890000,B,5,904144.944
65.532,1,890000,B,5,904144.944
65.548,1,850000,B,5,904144.944
65.581,1,880000,S,5,904144.944
65.595,1,900000,S,5,904144.944
65.643,1,930000,S,5,904144.944
65.662,1,840000,B,5,904144.944
65.727,1,880000,S,5,904144.944
66.477,1,860000,B,5,904144.944
66.497,1,910000,B,5,904144.944
66.556,1,890000,S,5,904144.944
66.6,1,930000,S,5,904144.944
66.659,1,890000,S,5,904144.944
66.675,1,870000,S,5,904144.944
66.691,1,810000,B,5,904144.944
66.746,1,920000,S,5,904144.944
66.778,1,910000,S,5,904144.944
66.795,1,880000,B,5,904144.944
66.874,1,890000,B,5,904144.944
66.905,1,960000,S,5,904144.944
66.942,1,970000,S,5,904144.944
67.346,1,940000,B,5,904144.944
67.498,1,910000,S,5,904144.944
67.972,1,900000,B,5,904144.944
68.001,1,890000,S,5,904144.944
68.066,1,900000,S,5,904144.944
68.263,1,890000,B,5,904144.944
68.316,1,890000,S,5,904144.944
68.531,1,890000,B,5,904144.944
68.543,1,870000,S,5,904144.944
68.565,1,860000,B,5,904144.944
68.592,1,880000,B,5,904144.944
68.613,1,860000,B,5,904144.944
68.707,1,880000,B,5,904144.944
68.78,1,900000,B,5,904144.944
68.871,1,910000,S,5,904144.944
68.952,1,900000,S,5,904144.944
69.044,1,930000,S,5,904144.944
69.063,1,920000,S,5,904144.944
69.168,1,880000,B,5,904144.944
69.169,1,930000,S,5,904144.944
69.339,1,890000,B,5,904144.944
69.371,1,940000,S,5,904144.944
69.403,1,920000,S,5,904144.944
69.548,1,900000,S,5,904144.944
69.571,1,900000,B,5,904144.944
69.592,1,880000,B,5,904144.944
69.609,1,880000,B,5,904144.944
69.737,1,910000,B,5,904144.944
69.782,1,890000,B,5,904144.944
69.792,1,850000,B,5,904144.944
70.017,1,900000,B,5,904144.944
70.05,1,950000,S,5,904144.944
70.092,1,960000,S,5,904144.944
70.134,1,890000,B,5,904144.944
70.145,1,890000,B,5,904144.944
70.281,1,990000,S,5,904144.944
70.336,1,910000,S,5,904144.944
70.359,1,920000,B,5,904144.944
70.399,1,930000,S,5,904144.944
70.473,1,940000,S,5,904144.944
70.545,1,830000,B,5,904144.944
70.623,1,880000,B,5,904144.944
71.02,1,890000,S,5,904144.944
71.181,1,850000,B,5,904144.944
71.301,1,980000,B,5,904144.944
71.322,1,850000,B,5,904144.944
71.429,1,930000,B,5,904144.944
71.458,1,950000,S,5,904144.944
71.476,1,860000,B,5,904144.944
71.495,1,890000,S,5,904144.944
71.501,1,870000,B,5,904144.944
71.628,1,890000,B,5,904144.944
71.698,1,910000,S,5,904144.944
71.705,1,930000,S,5,904144.944
71.731,1,950000,S,5,904144.944
71.981,1,890000,B,5,904144.944
71.997,1,900000,S,5,904144.944
72.035,1,870000,B,5,904144.944
72.104,1,870000,B,5,904144.944
72.12,1,880000,B,5,904144.944
72.139,1,960000,S,5,904144.944
72.235,1,950000,S,5,904144.944
72.534,1,870000,B,5,904144.944
72.634,1,900000,B,5,904144.944
72.64,1,910000,S,5,904144.944
72.94,1,960000,S,5,904144.944
72.944,1,860000,B,5,904144.944
73.034,1,880000,S,5,904144.944
73.103,1,960000,S,5,904144.944
73.331,1,930000,S,5,904144.944
73.454,1,910000,S,5,904144.944
73.598,1,920000,S,5,904144.944
73.657,1,920000,S,5,904144.944
73.658,1,910000,B,5,904144.944
73.973,1,860000,B,5,904144.944
74.009,1,910000,S,5,904144.944
74.01,1,860000,B,5,904144.944
74.074,1,950000,B,5,904144.944
74.234,1,920000,S,5,904144.944
74.325,1,900000,B,5,904144.944
74.326,1,930000,S,5,904144.944
74.372,1,960000,S,5,904144.944
74.403,1,900000,B,5,904144.944
74.423,1,860000,B,5,904144.944
74.435,1,850000,B,5,904144.944
74.459,1,920000,S,5,904144.944
74.603,1,860000,B,5,904144.944
74.673,1,960000,B,5,904144.944
74.699,1,910000,B,5,904144.944
74.823,1,930000,S,5,904144.944
74.859,1,910000,S,5,904144.944
75.023,1,870000,B,5,904144.944
75.067,1,880000,B,5,904144.944
75.086,1,870000,B,5,904144.944
75.28,1,950000,S,5,904144.944
75.54,1,900000,B,5,904144.944
75.637,1,830000,B,5,904144.944
75.902,1,910000,S,5,904144.944
75.908,1,880000,S,5,904144.944
76.004,1,860000,S,5,904144.944
76.049,1,870000,S,5,904144.944
76.128,1,920000,S,5,904144.944
76.2,1,890000,B,5,904144.944
76.225,1,930000,S,5,904144.944
76.535,1,990000,S,5,948665.936
76.544,1,970000,S,5,948665.936
76.554,1,940000,S,5,948665.936
77.031,1,880000,B,5,948665.936
77.143,1,920000,B,5,948665.936
77.233,1,940000,S,5,948665.936
77.239,1,930000,B,5,948665.936
77.454,1,1010000,S,5,948665.936
77.49,1,950000,B,5,948665.936
77.494,1,960000,B,5,948665.936
77.605,1,910000,B,5,948665.936
77.734,1,960000,S,5,948665.936
77.814,1,890000,B,5,948665.936
77.995,1,920000,B,5,948665.936
78.112,1,920000,B,5,900366.16
78.263,1,910000,S,5,900366.16
78.278,1,890000,S,5,900366.16
78.469,1,950000,S,5,900366.16
78.488,1,960000,S,5,900366.16
78.695,1,880000,B,5,900366.16
78.94,1,910000,S,5,900366.16
79.069,1,910000,B,5,900366.16
79.212,1,930000,S,5,900366.16
79.396,1,840000,B,5,900366.16
79.509,1,860000,B,5,900366.16
79.574,1,910000,S,5,900366.16
79.591,1,880000,S,5,900366.16
79.609,1,910000,B,5,900366.16
79.738,1,890000,B,5,900366.16
79.875,1,940000,S,5,900366.16
79.967,1,870000,B,5,900366.16
79.978,1,900000,B,5,900366.16
80.009,1,860000,B,5,900366.16
80.017,1,860000,B,5,900366.16
80.149,1,890000,B,5,900366.16
80.222,1,830000,B,5,900366.16
80.249,1,960000,S,5,900366.16
80.289,1,940000,S,5,900366.16
80.383,1,920000,S,5,900366.16
80.441,1,880000,S,5,900366.16
80.514,1,950000,S,5,900366.16
80.563,1,930000,B,5,900366.16
80.584,1,890000,B,5,900366.16
80.705,1,940000,S,5,900366.16
80.827,1,890000,B,5,900366.16
80.874,1,920000,S,5,900366.16
80.999,1,890000,S,5,900366.16
81.104,1,870000,B,5,900366.16
81.215,1,820000,B,5,900366.16
81.304,1,870000,S,5,900366.16
81.386,1,860000,B,5,900366.16
81.432,1,860000,B,5,900366.16
81.438,1,810000,B,5,900366.16
81.463,1,880000,B,5,900366.16
81.575,1,860000,B,5,900366.16
81.66,1,940000,S,5,900366.16
82.888,1,890000,B,5,900366.16
82.945,1,950000,S,5,900366.16
83.038,1,870000,B,5,900366.16
83.057,1,930000,B,5,927793.452
83.221,1,950000,S,5,927793.452
83.242,1,940000,S,5,927793.452
83.446,1,980000,S,5,927793.452
83.74,1,960000,B,5,927793.452
84.132,1,940000,S,5,927793.452
84.315,1,890000,B,5,927793.452
84.319,1,910000,B,5,927793.452
84.422,1,900000,B,5,927793.452
84.478,1,930000,B,5,927793.452
84.571,1,950000,S,5,927793.452
84.63,1,1000000,S,5,927793.452
84.877,1,980000,S,5,927793.452
85.005,1,960000,S,5,927793.452
85.153,1,920000,S,5,927793.452
85.174,1,960000,S,5,927793.452
85.179,1,930000,S,5,927793.452
85.472,1,930000,B,5,927793.452
85.53,1,940000,S,5,927793.452
85.845,1,930000,B,5,927793.452
85.854,1,910000,B,5,927793.452
86.212,1,870000,B,5,927793.452
86.227,1,920000,B,5,927793.452
86.561,1,1030000,S,5,927793.452
86.613,1,900000,B,5,927793.452
86.613,1,820000,B,5,927793.452
86.672,1,900000,B,5,927793.452
86.864,1,940000,S,5,927793.452
86.981,1,900000,B,5,927793.452
86.988,1,910000,S,5,927793.452
86.99,1,930000,S,5,927793.452
87.122,1,950000,S,5,927793.452
87.413,1,960000,S,5,927793.452
87.525,1,970000,S,5,927793.452
87.852,1,920000,S,5,927793.452
87.875,1,900000,B,5,927793.452
88.321,1,920000,S,5,927793.452
88.355,1,950000,S,5,927793.452
88.512,1,860000,B,5,927793.452
88.513,1,870000,B,5,927793.452
88.527,1,940000,S,5,927793.452
88.573,1,900000,B,5,927793.452
88.749,1,970000,S,5,927793.452
89.227,1,910000,B,5,927793.452
89.755,1,930000,S,5,927793.452
89.761,1,950000,S,5,927793.452
89.828,1,900000,S,5,927793.452
89.873,1,950000,B,5,927793.452
90.12,1,970000,S,5,927793.452
90.121,1,920000,S,5,927793.452
90.209,1,940000,B,5,927793.452
90.251,1,890000,B,5,927793.452
90.317,1,980000,S,5,927793.452
90.444,1,970000,S,5,927793.452
90.458,1,910000,B,5,927793.452
90.479,1,900000,B,5,927793.452
90.56,1,930000,S,5,927793.452
90.575,1,910000,B,5,927793.452
90.585,1,890000,B,5,927793.452
90.805,1,930000,B,5,927793.452
90.968,1,960000,S,5,927793.452
91.116,1,960000,S,5,927793.452
91.191,1,830000,B,5,927793.452
91.417,1,910000,B,5,927793.452
91.466,1,960000,S,5,927793.452
91.612,1,970000,S,5,927793.452
91.752,1,950000,B,5,927793.452
91.768,1,960000,S,5,927793.452
91.834,1,910000,S,5,927793.452
91.925,1,960000,S,5,927793.452
91.938,1,920000,S,5,927793.452
92.013,1,930000,S,5,927793.452
92.2,1,910000,B,5,927793.452
92.217,1,890000,B,5,927793.452
92.263,1,920000,S,5,927793.452
92.465,1,940000,B,5,927793.452
92.513,1,1010000,S,5,927793.452
92.554,1,930000,B,5,927793.452
92.703,1,890000,B,5,927793.452
92.844,1,970000,S,5,927793.452
92.954,1,880000,B,5,927793.452
93.053,1,880000,B,5,927793.452
93.249,1,880000,B,5,927793.452
93.29,1,950000,S,5,927793.452
93.327,1,890000,B,5,927793.452
93.675,1,930000,S,5,927793.452
93.722,1,940000,S,5,927793.452
93.724,1,890000,B,5,927793.452
93.731,1,880000,S,5,927793.452
93.813,1,970000,S,5,927793.452
93.838,1,910000,B,5,927793.452
93.885,1,930000,S,5,927793.452
93.998,1,950000,S,5,927793.452
94.011,1,920000,S,5,927793.452
94.078,1,980000,S,5,927793.452
94.343,1,950000,B,5,927793.452
94.431,1,950000,S,5,927793.452
94.492,1,860000,B,5,927793.452
94.516,1,900000,B,5,927793.452
94.726,1,930000,S,5,927793.452
94.909,1,980000,S,5,927793.452
95.156,1,910000,B,5,927793.452
95.158,1,960000,S,5,927793.452
95.165,1,880000,B,5,927793.452
95.443,1,840000,B,5,927793.452
95.45,1,980000,S,5,927793.452
95.5,1,920000,B,5,927793.452
95.599,1,970000,S,5,927793.452
95.87,1,960000,S,5,927793.452
95.887,1,850000,B,5,927793.452
95.929,1,960000,S,5,927793.452
95.93,1,890000,B,5,927793.452
96.026,1,950000,B,5,927793.452
96.114,1,990000,S,5,927793.452
96.293,1,850000,B,5,927793.452
96.593,1,990000,S,5,927793.452
96.777,1,890000,B,5,927793.452
96.844,1,960000,S,5,927793.452
97.107,1,990000,S,5,941243.877
97.137,1,940000,B,5,941243.877
97.262,1,910000,B,5,941243.877
97.303,1,910000,B,5,941243.877
97.426,1,890000,B,5,941243.877
97.582,1,940000,S,5,941243.877
97.762,1,980000,S,5,941243.877
97.885,1,990000,S,5,941243.877
97.887,1,870000,B,5,941243.877
98.054,1,1000000,S,5,941243.877
98.203,1,900000,B,5,941243.877
98.268,1,930000,S,5,941243.877
98.282,1,1000000,S,5,941243.877
98.288,1,930000,S,5,941243.877
98.39,1,910000,B,5,941243.877
98.391,1,930000,B,5,941243.877
98.455,1,950000,S,5,941243.877
98.459,1,960000,B,5,941243.877
98.497,1,990000,S,5,941243.877
98.62,1,960000,S,5,941243.877
98.753,1,1000000,S,5,941243.877
98.765,1,1020000,S,5,941243.877
98.794,1,920000,B,5,941243.877
98.799,1,980000,S,5,941243.877
98.906,1,940000,B,5,941243.877
98.969,1,960000,S,5,941243.877
99.038,1,900000,B,5,941243.877
99.097,1,910000,B,5,941243.877
99.322,1,920000,B,5,941243.877
99.477,1,980000,S,5,941243.877
99.514,1,970000,S,5,941243.877
99.585,1,930000,B,5,941243.877
99.586,1,910000,S,5,941243.877
99.805,1,960000,S,5,941243.877
99.845,1,960000,S,5,941243.877
99.88,1,990000,S,5,941243.877
99.897,1,970000,B,5,941243.877
100.099,1,860000,B,5,941243.877
100.11,1,950000,S,5,941243.877
100.299,1,910000,B,5,941243.877
100.408,1,960000,S,5,941243.877
100.655,1,950000,S,5,941243.877
100.668,1,1020000,S,5,941243.877
100.81,1,950000,S,5,941243.877
100.873,1,950000,S,5,941243.877
101.006,1,950000,B,5,941243.877
101.039,1,880000,S,5,941243.877
101.055,1,960000,S,5,941243.877
101.211,1,950000,S,5,941243.877
101.384,1,910000,B,5,941243.877
101.4,1,860000,B,5,941243.877
101.413,1,980000,S,5,941243.877
101.538,1,950000,B,5,927387.983
101.674,1,890000,B,5,927387.983
101.679,1,990000,S,5,927387.983
101.817,1,930000,S,5,927387.983
101.909,1,920000,B,5,927387.983
102.013,1,930000,B,5,927387.983
102.15,1,840000,B,5,927387.983
102.155,1,960000,S,5,927387.983
102.324,1,970000,S,5,927387.983
102.332,1,920000,B,5,927387.983
102.343,1,990000,S,5,927387.983
102.442,1,930000,S,5,927387.983
103.132,1,950000,S,5,927387.983
103.155,1,990000,S,5,927387.983
103.425,1,920000,B,5,927387.983
103.651,1,860000,B,5,927387.983
103.664,1,960000,B,5,927387.983
103.869,1,850000,B,5,927387.983
103.989,1,890000,B,5,927387.983
103.989,1,920000,B,5,927387.983
104.061,1,850000,B,5,927387.983
104.074,1,890000,B,5,927387.983
104.194,1,920000,S,5,927387.983
104.25,1,970000,S,5,927387.983
104.336,1,860000,B,5,927387.983
104.402,1,880000,B,5,927387.983
104.61,1,890000,B,5,927387.983
104.729,1,960000,S,5,927387.983
104.819,1,940000,S,5,927387.983
104.886,1,900000,B,5,927387.983
104.952,1,960000,S,5,927387.983
105.166,1,850000,B,5,927387.983
105.197,1,900000,S,5,927387.983
105.213,1,910000,B,5,927387.983
105.307,1,950000,S,5,927387.983
105.318,1,950000,S,5,927387.983
105.543,1,880000,B,5,927387.983
105.859,1,970000,S,5,927387.983
106.072,1,920000,B,5,927387.983
106.125,1,940000,B,5,927387.983
106.133,1,920000,B,5,927387.983
106.192,1,890000,S,5,927387.983
106.292,1,1010000,S,5,927387.983
106.315,1,940000,S,5,927387.983
106.479,1,850000,B,5,927387.983
106.736,1,910000,B,5,927387.983
106.742,1,970000,S,5,927387.983
106.843,1,930000,S,5,927387.983
107.357,1,990000,B,5,984994.682
107.411,1,950000,B,5,984994.682
107.519,1,990000,S,5,984994.682
107.587,1,930000,S,5,984994.682
107.76,1,1010000,B,5,984994.682
107.79,1,980000,B,5,984994.682
107.801,1,920000,B,5,984994.682
107.818,1,1010000,B,5,984994.682
107.895,1,1010000,S,5,984994.682
107.904,1,990000,B,5,984994.682
107.982,1,1000000,B,5,984994.682
108.09,1,1020000,S,5,984994.682
108.093,1,970000,S,5,984994.682
108.097,1,970000,B,5,984994.682
108.138,1,990000,B,5,984994.682
108.405,1,1010000,S,5,984994.682
108.421,1,1060000,S,5,984994.682
108.5,1,950000,B,5,984994.682
108.738,1,1010000,S,5,984994.682
108.968,1,950000,B,5,984994.682
109.013,1,1010000,S,5,984994.682
109.109,1,1050000,S,5,984994.682
109.11,1,940000,B,5,984994.682
109.519,1,920000,B,5,984994.682
109.547,1,970000,S,5,984994.682
109.668,1,960000,B,5,984994.682
109.715,1,990000,S,5,984994.682
109.776,1,1010000,S,5,984994.682
110.146,1,920000,S,5,911844.793
110.235,1,950000,S,5,911844.793
110.496,1,900000,S,5,911844.793
110.552,1,940000,B,5,911844.793
110.56,1,940000,S,5,911844.793
110.573,1,950000,S,5,911844.793
110.725,1,970000,B,5,911844.793
110.752,1,950000,S,5,911844.793
110.82,1,860000,B,5,911844.793
110.847,1,960000,S,5,911844.793
110.862,1,900000,S,5,911844.793
110.883,1,910000,S,5,911844.793
110.959,1,950000,S,5,911844.793
111.071,1,950000,S,5,911844.793
111.299,1,950000,S,5,911844.793
111.325,1,840000,B,5,911844.793
111.334,1,950000,S,5,911844.793
111.625,1,940000,S,5,911844.793
111.68,1,910000,B,5,911844.793
111.686,1,820000,B,5,911844.793
111.693,1,900000,B,5,911844.793
111.727,1,940000,S,5,911844.793
111.897,1,900000,B,5,911844.793
111.911,1,930000,S,5,911844.793
111.955,1,920000,S,5,911844.793
112.022,1,900000,B,5,911844.793
112.225,1,940000,B,5,911844.793
112.401,1,900000,S,5,911844.793
112.497,1,930000,S,5,911844.793
112.585,1,910000,S,5,911844.793
112.629,1,890000,B,5,911844.793
112.807,1,870000,B,5,911844.793
112.839,1,850000,B,5,911844.793
112.969,1,910000,S,5,911844.793
112.992,1,920000,B,5,911844.793
113.185,1,910000,S,5,911844.793
113.276,1,920000,B,5,911844.793
113.382,1,940000,S,5,911844.793
113.49,1,950000,S,5,911844.793
113.536,1,870000,B,5,911844.793
113.618,1,920000,S,5,911844.793
113.742,1,970000,S,5,911844.793
113.869,1,920000,S,5,911844.793
113.943,1,930000,S,5,911844.793
114.241,1,930000,S,5,911844.793
114.397,1,900000,S,5,911844.793
114.413,1,900000,B,5,911844.793
114.583,1,970000,S,5,911844.793
114.605,1,870000,B,5,911844.793
114.66,1,920000,S,5,911844.793
114.685,1,930000,S,5,911844.793
114.69,1,950000,S,5,911844.793
114.763,1,900000,B,5,911844.793
115.355,1,870000,B,5,911844.793
115.442,1,930000,B,5,911844.793
115.702,1,920000,B,5,911844.793
115.868,1,850000,B,5,911844.793
116.0,1,960000,S,5,911844.793
116.071,1,860000,B,5,911844.793
116.212,1,940000,S,5,911844.793
116.224,1,910000,S,5,911844.793
116.226,1,1020000,S,5,911844.793
116.256,1,970000,S,5,911844.793
116.281,1,920000,S,5,911844.793
116.33,1,960000,S,5,911844.793
116.454,1,930000,B,5,911844.793
116.593,1,900000,S,5,911844.793
116.649,1,970000,S,5,911844.793
116.687,1,940000,S,5,911844.793
116.738,1,860000,B,5,911844.793
116.883,1,930000,S,5,911844.793
117.194,1,990000,S,5,911844.793
117.289,1,890000,B,5,911844.793
117.382,1,900000,B,5,911844.793
117.528,1,960000,S,5,911844.793
117.647,1,910000,S,5,911844.793
117.674,1,880000,B,5,911844.793
117.676,1,960000,B,5,911844.793
117.887,1,870000,B,5,911844.793
118.016,1,900000,B,5,911844.793
118.09,1,940000,B,5,911844.793
118.155,1,930000,S,5,911844.793
118.224,1,940000,S,5,911844.793
118.556,1,890000,B,5,911844.793
118.595,1,880000,B,5,911844.793
118.601,1,950000,S,5,911844.793
118.731,1,870000,B,5,911844.793
118.886,1,950000,S,5,911844.793
118.99,1,940000,S,5,911844.793
119.341,1,920000,S,5,911844.793
119.513,1,930000,S,5,911844.793
119.516,1,930000,B,5,911844.793
119.564,1,980000,S,5,911844.793
119.689,1,950000,B,5,911844.793
119.704,1,900000,B,5,911844.793
119.799,1,860000,S,5,911844.793
119.889,1,930000,S,5,911844.793
120.041,1,920000,B,5,911844.793
120.096,1,890000,B,5,911844.793
120.163,1,880000,B,5,911844.793
120.224,1,910000,S,5,911844.793
120.424,1,970000,S,5,911844.793
120.579,1,920000,S,5,911844.793
120.648,1,910000,S,5,911844.793
120.652,1,980000,S,5,911844.793
120.728,1,1010000,S,5,911844.793
120.869,1,910000,S,5,911844.793
120.98,1,910000,S,5,911844.793
121.011,1,920000,B,5,911844.793
121.059,1,850000,B,5,911844.793
121.085,1,840000,B,5,911844.793
121.126,1,900000,S,5,911844.793
121.383,1,950000,S,5,911844.793
121.392,1,950000,S,5,911844.793
121.699,1,910000,S,5,911844.793
121.886,1,830000,B,5,911844.793
122.136,1,910000,B,5,911844.793
122.182,1,880000,B,5,911844.793
122.315,1,910000,B,5,911844.793
122.534,1,910000,B,5,911844.793
122.643,1,860000,S,5,911844.793
122.682,1,960000,S,5,911844.793
122.766,1,960000,S,5,911844.793
122.885,1,960000,S,5,911844.793
122.981,1,940000,S,5,911844.793
123.158,1,860000,B,5,911844.793
123.195,1,900000,B,5,911844.793
123.217,1,940000,S,5,911844.793
123.265,1,840000,B,5,911844.793
123.341,1,910000,S,5,911844.793
123.438,1,890000,B,5,911844.793
123.457,1,940000,S,5,911844.793
123.49,1,850000,B,5,911844.793
123.593,1,920000,B,5,911844.793
123.882,1,880000,S,5,911844.793
123.901,1,920000,B,5,911844.793
123.902,1,880000,B,5,911844.793
123.945,1,940000,B,5,911844.793
124.044,1,900000,B,5,911844.793
124.081,1,880000,B,5,911844.793
124.259,1,940000,S,5,911844.793
124.35,1,940000,S,5,911844.793
124.411,1,890000,S,5,911844.793
124.421,1,960000,S,5,911844.793
124.442,1,870000,B,5,911844.793
124.484,1,930000,S,5,911844.793
124.59,1,910000,B,5,911844.793
124.644,1,960000,S,5,911844.793
124.665,1,880000,B,5,911844.793
125.002,1,840000,B,5,911844.793
125.069,1,890000,B,5,911844.793
125.1,1,910000,B,5,911844.793
125.119,1,880000,B,5,911844.793
125.201,1,930000,S,5,911844.793
125.226,1,950000,S,5,911844.793
125.374,1,970000,S,5,911844.793
125.387,1,920000,S,5,911844.793
125.479,1,930000,S,5,911844.793
125.553,1,1000000,S,5,911844.793
125.597,1,930000,B,5,911844.793
125.635,1,840000,B,5,911844.793
125.694,1,920000,S,5,911844.793
125.791,1,850000,B,5,911844.793
125.824,1,930000,B,5,911844.793
125.86,1,940000,S,5,911844.793
125.97,1,880000,B,5,911844.793
125.979,1,940000,S,5,911844.793
126.02,1,880000,B,5,911844.793
126.152,1,900000,B,5,911844.793
126.16,1,910000,B,5,911844.793
126.381,1,880000,B,5,911844.793
126.472,1,890000,S,5,911844.793
126.477,1,890000,B,5,911844.793
126.571,1,900000,B,5,911844.793
126.636,1,940000,B,5,911844.793
126.676,1,880000,B,5,911844.793
126.692,1,880000,B,5,911844.793
126.788,1,950000,B,5,911844.793
126.93,1,920000,S,5,911844.793
126.956,1,970000,S,5,911844.793
127.02,1,920000,S,5,911844.793
127.197,1,870000,B,5,911844.793
127.34,1,920000,B,5,911844.793
127.367,1,940000,S,5,911844.793
127.441,1,880000,B,5,911844.793
127.498,1,900000,B,5,911844.793
127.498,1,990000,S,5,911844.793
127.527,1,980000,S,5,911844.793
127.579,1,940000,S,5,911844.793
127.634,1,920000,S,5,911844.793
127.639,1,920000,S,5,911844.793
127.655,1,930000,S,5,911844.793
127.668,1,940000,S,5,911844.793
127.699,1,960000,S,5,911844.793
128.007,1,970000,S,5,911844.793
128.018,1,910000,B,5,911844.793
128.085,1,880000,B,5,911844.793
128.167,1,880000,B,5,911844.793
128.222,1,810000,B,5,911844.793
128.225,1,870000,B,5,911844.793
128.264,1,980000,S,5,911844.793
128.287,1,950000,B,5,911844.793
128.322,1,980000,S,5,911844.793
128.34,1,950000,S,5,911844.793
128.52,1,930000,S,5,911844.793
128.534,1,920000,S,5,911844.793
128.549,1,920000,B,5,911844.793
128.765,1,890000,B,5,911844.793
128.995,1,910000,B,5,911844.793
129.17,1,890000,B,5,911844.793
129.209,1,920000,S,5,911844.793
129.249,1,850000,B,5,911844.793
129.401,1,960000,S,5,911844.793
129.402,1,960000,S,5,911844.793
129.407,1,920000,B,5,911844.793
129.426,1,950000,S,5,911844.793
130.101,1,890000,S,5,911844.793
130.142,1,940000,S,5,911844.793
130.259,1,880000,B,5,911844.793
130.41,1,970000,S,5,911844.793
130.66,1,970000,S,5,911844.793
130.66,1,950000,S,5,911844.793
130.714,1,910000,S,5,911844.793
130.797,1,890000,B,5,911844.793
130.853,1,930000,B,5,911844.793
130.875,1,900000,B,5,911844.793
130.966,1,860000,B,5,911844.793
131.041,1,910000,S,5,911844.793
131.068,1,970000,B,5,911844.793
131.104,1,900000,B,5,911844.793
131.208,1,910000,B,5,911844.793
131.215,1,970000,B,5,911844.793
131.329,1,910000,B,5,911844.793
131.35,1,920000,S,5,911844.793
131.425,1,910000,B,5,911844.793
131.543,1,900000,B,5,911844.793
131.851,1,960000,S,5,911844.793
131.936,1,850000,B,5,911844.793
132.053,1,930000,S,5,911844.793
132.105,1,850000,B,5,911844.793
132.215,1,880000,S,5,911844.793
132.243,1,870000,B,5,911844.793
132.372,1,890000,S,5,911844.793
132.374,1,950000,S,5,911844.793
132.397,1,940000,S,5,911844.793
132.419,1,960000,S,5,911844.793
132.445,1,870000,B,5,911844.793
132.536,1,930000,S,5,911844.793
132.542,1,900000,B,5,911844.793
132.778,1,960000,S,5,911844.793
132.854,1,920000,B,5,911844.793
132.888,1,1000000,S,5,911844.793
132.949,1,930000,S,5,911844.793
132.972,1,860000,B,5,911844.793
132.985,1,880000,S,5,911844.793
132.997,1,950000,S,5,911844.793
133.002,1,860000,S,5,911844.793
133.033,1,850000,B,5,911844.793
133.043,1,930000,B,5,911844.793
133.058,1,940000,S,5,911844.793
133.125,1,870000,B,5,911844.793
133.167,1,930000,S,5,911844.793
133.194,1,930000,S,5,911844.793
133.288,1,900000,B,5,911844.793
133.552,1,870000,B,5,911844.793
133.878,1,890000,B,5,911844.793
133.963,1,940000,S,5,911844.793
133.968,1,880000,B,5,911844.793
134.161,1,960000,S,5,911844.793
134.174,1,890000,B,5,911844.793
134.355,1,1000000,S,5,911844.793
134.356,1,900000,S,5,911844.793
134.482,1,950000,S,5,911844.793
134.484,1,950000,S,5,911844.793
134.532,1,900000,B,5,911844.793
134.81,1,980000,S,5,911844.793
134.852,1,870000,B,5,911844.793
134.864,1,880000,S,5,911844.793
134.969,1,820000,B,5,911844.793
135.024,1,930000,B,5,911844.793
135.046,1,890000,B,5,911844.793
135.059,1,960000,S,5,911844.793
135.192,1,900000,B,5,911844.793
135.196,1,930000,S,5,911844.793
135.426,1,930000,B,5,911844.793
135.48,1,920000,S,5,911844.793
135.748,1,850000,B,5,911844.793
135.837,1,890000,B,5,911844.793
135.91,1,920000,S,5,911844.793
135.992,1,920000,B,5,911844.793
136.009,1,930000,S,5,911844.793
136.08,1,900000,S,5,911844.793
136.136,1,890000,S,5,911844.793
136.162,1,960000,S,5,911844.793
136.182,1,880000,B,5,911844.793
136.522,1,940000,S,5,911844.793
136.556,1,870000,S,5,911844.793
136.783,1,900000,B,5,911844.793
136.835,1,870000,B,5,911844.793
136.988,1,900000,B,5,911844.793
137.052,1,880000,S,5,911844.793
137.143,1,880000,S,5,911844.793
137.273,1,930000,B,5,911844.793
137.336,1,910000,S,5,911844.793
137.538,1,920000,B,5,911844.793
137.549,1,880000,B,5,911844.793
137.615,1,870000,B,5,911844.793
137.715,1,850000,S,5,911844.793
137.929,1,880000,B,5,911844.793
138.135,1,920000,S,5,911844.793
138.175,1,920000,S,5,911844.793
138.349,1,860000,B,5,911844.793
138.416,1,890000,B,5,911844.793
138.455,1,960000,S,5,911844.793
138.543,1,880000,B,5,911844.793
138.595,1,890000,B,5,911844.793
138.866,1,880000,B,5,911844.793
139.115,1,950000,S,5,911844.793
139.273,1,870000,B,5,911844.793
139.29,1,900000,S,5,911844.793
139.326,1,950000,S,5,911844.793
139.342,1,890000,B,5,911844.793
139.346,1,900000,B,5,911844.793
139.434,1,920000,S,5,911844.793
139.686,1,930000,S,5,911844.793
139.743,1,960000,S,5,911844.793
139.759,1,940000,S,5,911844.793
139.934,1,900000,S,5,911844.793
139.989,1,910000,B,5,911844.793
140.018,1,860000,B,5,911844.793
140.036,1,830000,B,5,911844.793
140.305,1,870000,B,5,911844.793
140.545,1,990000,S,5,911844.793
140.618,1,950000,S,5,911844.793
140.91,1,940000,S,5,908756.841
140.982,1,950000,S,5,908756.841
140.999,1,970000,S,5,908756.841
141.171,1,930000,S,5,908756.841
141.354,1,880000,B,5,908756.841
141.571,1,940000,S,5,908756.841
141.639,1,880000,B,5,908756.841
141.757,1,880000,B,5,908756.841
141.851,1,980000,S,5,908756.841
141.953,1,900000,B,5,908756.841
141.964,1,930000,S,5,908756.841
142.127,1,900000,B,5,908756.841
142.339,1,810000,B,5,908756.841
142.438,1,890000,S,5,908756.841
142.5,1,900000,S,5,908756.841
142.694,1,900000,B,5,908756.841
142.775,1,1000000,S,5,908756.841
142.925,1,870000,B,5,908756.841
142.944,1,900000,B,5,908756.841
143.079,1,930000,S,5,908756.841
143.22,1,890000,B,5,908756.841
143.233,1,870000,B,5,908756.841
143.272,1,910000,S,5,908756.841
143.303,1,910000,S,5,908756.841
143.874,1,920000,S,5,908756.841
144.068,1,960000,S,5,908756.841
144.189,1,950000,S,5,908756.841
144.208,1,910000,S,5,908756.841
144.223,1,910000,B,5,908756.841
144.29,1,950000,S,5,908756.841
144.634,1,950000,S,5,908756.841
144.661,1,920000,S,5,908756.841
144.725,1,960000,S,5,908756.841
144.738,1,900000,B,5,908756.841
144.756,1,910000,B,5,908756.841
144.782,1,930000,S,5,908756.841
144.783,1,920000,S,5,908756.841
144.824,1,920000,S,5,908756.841
144.827,1,840000,B,5,908756.841
144.857,1,960000,S,5,908756.841
145.081,1,930000,S,5,908756.841
145.156,1,930000,S,5,908756.841
145.433,1,920000,S,5,908756.841
145.564,1,890000,B,5,908756.841
145.826,1,970000,S,5,902385.34
146.07,1,940000,S,5,902385.34
146.118,1,830000,B,5,902385.34
146.253,1,880000,B,5,902385.34
146.279,1,920000,B,5,902385.34
146.447,1,900000,S,5,902385.34
146.578,1,950000,S,5,902385.34
146.745,1,900000,B,5,902385.34
146.839,1,910000,B,5,902385.34
146.882,1,890000,B,5,902385.34
146.991,1,970000,S,5,902385.34
147.195,1,950000,S,5,902385.34
147.245,1,880000,B,5,902385.34
147.288,1,860000,B,5,902385.34
147.29,1,960000,S,5,902385.34
147.304,1,860000,B,5,902385.34
147.331,1,950000,B,5,902385.34
147.423,1,900000,B,5,902385.34
147.605,1,880000,B,5,902385.34
147.609,1,940000,S,5,902385.34
147.75,1,870000,B,5,902385.34
147.835,1,910000,S,5,902385.34
147.859,1,910000,S,5,902385.34
148.245,1,880000,S,5,902385.34
148.298,1,900000,S,5,902385.34
148.325,1,900000,S,5,902385.34
148.555,1,910000,B,5,902385.34
148.621,1,830000,B,5,902385.34
148.724,1,840000,B,5,902385.34
148.742,1,870000,S,5,902385.34
148.958,1,890000,S,5,902385.34
149.171,1,920000,S,5,902385.34
149.242,1,970000,S,5,902385.34
149.26,1,810000,B,5,902385.34
149.558,1,920000,S,5,902385.34
149.754,1,930000,S,5,902385.34
149.773,1,900000,B,5,902385.34
149.838,1,920000,S,5,902385.34
149.849,1,870000,B,5,902385.34
149.875,1,980000,S,5,902385.34
149.898,1,930000,S,5,902385.34
150.16,1,910000,B,5,902385.34
150.285,1,970000,S,5,902385.34
150.472,1,900000,B,5,902385.34
150.535,1,870000,B,5,902385.34
150.591,1,860000,S,5,902385.34
150.607,1,880000,B,5,902385.34
150.608,1,880000,B,5,902385.34
150.621,1,930000,S,5,902385.34
150.687,1,890000,B,5,902385.34
150.861,1,900000,S,5,902385.34
150.867,1,960000,S,5,902385.34
151.092,1,950000,S,5,902385.34
151.25,1,890000,B,5,902385.34
151.384,1,840000,B,5,902385.34
151.526,1,840000,B,5,902385.34
151.652,1,900000,S,5,902385.34
151.668,1,920000,B,5,902385.34
151.725,1,850000,B,5,902385.34
151.762,1,850000,B,5,902385.34
151.84,1,860000,S,5,902385.34
151.969,1,910000,S,5,902385.34
152.138,1,940000,S,5,902385.34
152.332,1,920000,S,5,902385.34
152.455,1,930000,S,5,902385.34
152.502,1,920000,S,5,902385.34
152.627,1,900000,B,5,902385.34
152.732,1,890000,B,5,902385.34
152.789,1,820000,S,5,902385.34
152.791,1,950000,S,5,902385.34
152.873,1,850000,B,5,902385.34
153.017,1,800000,B,5,902385.34
153.026,1,920000,S,5,902385.34
153.043,1,850000,B,5,902385.34
153.069,1,870000,B,5,902385.34
153.091,1,870000,B,5,902385.34
153.16,1,840000,B,5,902385.34
153.181,1,910000,S,5,902385.34
153.182,1,810000,B,5,902385.34
153.212,1,910000,B,5,902385.34
153.407,1,950000,B,5,902385.34
153.5,1,890000,S,5,902385.34
153.536,1,880000,B,5,902385.34
153.593,1,880000,S,5,902385.34
153.634,1,960000,S,5,902385.34
153.756,1,860000,S,5,902385.34
153.808,1,950000,S,5,902385.34
153.823,1,920000,S,5,902385.34
153.888,1,1020000,S,5,902385.34
153.931,1,890000,S,5,902385.34
153.948,1,880000,B,5,902385.34
153.977,1,890000,B,5,902385.34
154.028,1,860000,B,5,902385.34
154.283,1,910000,B,5,902385.34
154.429,1,970000,S,5,902385.34
154.576,1,940000,B,5,902385.34
154.618,1,850000,B,5,902385.34
154.673,1,880000,B,5,902385.34
154.703,1,930000,S,5,902385.34
154.76,1,860000,B,5,902385.34
154.972,1,930000,S,5,902385.34
155.002,1,940000,S,5,902385.34
155.093,1,820000,S,5,902385.34
155.104,1,890000,B,5,902385.34
155.243,1,920000,S,5,902385.34
155.26,1,880000,B,5,902385.34
155.422,1,920000,S,5,902385.34
155.494,1,890000,B,5,902385.34
155.558,1,860000,B,5,902385.34
155.566,1,850000,B,5,902385.34
155.608,1,910000,B,5,902385.34
155.7,1,920000,S,5,902385.34
155.815,1,890000,S,5,902385.34
155.856,1,900000,B,5,902385.34
155.993,1,900000,S,5,902385.34
156.043,1,900000,S,5,902385.34
156.07,1,890000,B,5,902385.34
156.106,1,850000,B,5,902385.34
156.141,1,890000,B,5,902385.34
156.186,1,900000,S,5,902385.34
156.308,1,920000,S,5,902385.34
156.483,1,950000,S,5,936748.771
156.81,1,940000,B,5,936748.771
156.856,1,1030000,S,5,936748.771
157.337,1,980000,S,5,936748.771
157.408,1,930000,B,5,936748.771
157.467,1,920000,S,5,936748.771
157.468,1,950000,S,5,936748.771
157.828,1,970000,S,5,936748.771
158.021,1,930000,B,5,936748.771
158.2,1,950000,S,5,936748.771
158.236,1,910000,B,5,936748.771
158.239,1,1010000,S,5,936748.771
158.363,1,900000,B,5,936748.771
158.491,1,890000,B,5,936748.771
158.666,1,890000,B,5,936748.771
158.668,1,910000,B,5,936748.771
158.926,1,910000,B,5,936748.771
158.986,1,970000,S,5,936748.771
159.141,1,930000,S,5,936748.771
159.179,1,890000,B,5,936748.771
159.44,1,910000,S,5,936748.771
159.539,1,900000,B,5,936748.771
159.558,1,910000,B,5,936748.771
159.701,1,920000,S,5,936748.771
159.742,1,970000,S,5,936748.771
159.792,1,940000,S,5,936748.771
159.868,1,910000,B,5,936748.771
159.908,1,970000,B,5,936748.771
159.94,1,940000,B,5,936748.771
159.964,1,910000,B,5,936748.771
159.976,1,910000,S,5,936748.771
159.99,1,870000,B,5,936748.771
160.085,1,980000,S,5,936748.771
160.09,1,940000,S,5,936748.771
160.182,1,950000,S,5,936748.771
160.267,1,950000,S,5,936748.771
160.348,1,940000,B,5,936748.771
160.421,1,860000,B,5,936748.771
160.433,1,900000,S,5,936748.771
160.443,1,970000,S,5,936748.771
160.534,1,970000,S,5,936748.771
160.605,1,890000,B,5,936748.771
160.633,1,950000,S,5,936748.771
160.654,1,910000,B,5,936748.771
160.692,1,900000,B,5,936748.771
160.791,1,920000,B,5,936748.771
160.997,1,940000,B,5,936748.771
161.011,1,1020000,S,5,936748.771
161.067,1,940000,S,5,936748.771
161.145,1,980000,S,5,936748.771
161.171,1,920000,B,5,936748.771
161.197,1,940000,S,5,936748.771
161.232,1,940000,S,5,936748.771
161.434,1,960000,S,5,936748.771
161.534,1,970000,S,5,936748.771
161.746,1,960000,S,5,936748.771
161.848,1,970000,S,5,936748.771
161.866,1,910000,S,5,936748.771
161.907,1,830000,B,5,936748.771
161.966,1,990000,S,5,936748.771
162.114,1,950000,S,5,936748.771
162.151,1,880000,B,5,936748.771
162.242,1,910000,B,5,936748.771
162.306,1,930000,S,5,936748.771
162.495,1,950000,S,5,936748.771
162.508,1,950000,S,5,936748.771
162.659,1,880000,S,5,936748.771
162.783,1,920000,B,5,936748.771
162.877,1,930000,B,5,936748.771
162.935,1,860000,B,5,936748.771
163.003,1,940000,S,5,936748.771
163.044,1,970000,B,5,936748.771
163.167,1,930000,B,5,936748.771
163.21,1,960000,S,5,936748.771
163.226,1,980000,S,5,936748.771
163.246,1,930000,B,5,936748.771
163.311,1,910000,B,5,936748.771
163.348,1,900000,B,5,936748.771
163.365,1,920000,B,5,936748.771
163.459,1,910000,B,5,936748.771
163.471,1,970000,S,5,936748.771
163.511,1,970000,S,5,936748.771
163.622,1,920000,B,5,936748.771
163.735,1,950000,B,5,936748.771
163.871,1,960000,S,5,936748.771
163.872,1,980000,S,5,936748.771
164.167,1,900000,B,5,936748.771
164.17,1,910000,B,5,936748.771
164.178,1,940000,S,5,936748.771
164.184,1,940000,S,5,936748.771
164.262,1,960000,B,5,936748.771
164.269,1,970000,S,5,936748.771
164.34,1,940000,B,5,936748.771
164.404,1,970000,S,5,936748.771
164.405,1,940000,S,5,936748.771
164.431,1,940000,B,5,936748.771
164.829,1,940000,S,5,936748.771
164.855,1,920000,B,5,936748.771
164.948,1,950000,S,5,936748.771
165.197,1,980000,S,5,936748.771
165.25,1,940000,S,5,936748.771
165.257,1,970000,S,5,936748.771
165.381,1,950000,S,5,936748.771
165.488,1,960000,B,5,936748.771
165.505,1,910000,B,5,936748.771
165.743,1,970000,B,5,936748.771
165.847,1,930000,B,5,936748.771
165.867,1,1030000,S,5,936748.771
165.942,1,890000,B,5,936748.771
166.119,1,960000,B,5,936748.771
166.34,1,930000,S,5,936748.771
166.502,1,960000,S,5,936748.771
166.575,1,960000,B,5,936748.771
166.593,1,1000000,S,5,936748.771
166.674,1,940000,S,5,936748.771
166.789,1,960000,S,5,936748.771
166.877,1,970000,S,5,936748.771
167.049,1,950000,B,5,936748.771
167.201,1,920000,S,5,936748.771
167.212,1,990000,S,5,936748.771
167.222,1,930000,S,5,936748.771
167.28,1,990000,S,5,936748.771
167.327,1,890000,B,5,936748.771
167.479,1,970000,S,5,936748.771
167.497,1,880000,B,5,936748.771
167.768,1,960000,B,5,936748.771
167.969,1,910000,B,5,936748.771
168.048,1,980000,B,5,936748.771
168.075,1,920000,B,5,936748.771
168.142,1,960000,S,5,936748.771
168.241,1,950000,B,5,936748.771
168.322,1,910000,B,5,936748.771
168.372,1,920000,S,5,936748.771
168.398,1,900000,B,5,936748.771
168.467,1,900000,B,5,936748.771
168.642,1,940000,B,5,936748.771
168.646,1,980000,B,5,936748.771
168.742,1,980000,S,5,936748.771
168.771,1,950000,S,5,936748.771
168.797,1,890000,B,5,936748.771
168.808,1,930000,S,5,936748.771
168.896,1,950000,S,5,936748.771
168.937,1,980000,S,5,936748.771
169.029,1,1000000,S,5,936748.771
169.16,1,880000,B,5,936748.771
169.207,1,890000,S,5,936748.771
169.257,1,920000,B,5,936748.771
169.269,1,910000,B,5,936748.771
169.319,1,1000000,S,5,936748.771
169.502,1,890000,B,5,936748.771
169.614,1,980000,S,5,936748.771
169.618,1,960000,B,5,936748.771
169.67,1,910000,B,5,936748.771
169.723,1,1010000,S,5,936748.771
169.748,1,910000,S,5,936748.771
169.833,1,960000,S,5,936748.771
169.848,1,950000,S,5,936748.771
170.073,1,940000,B,5,936748.771
170.202,1,930000,B,5,936748.771
170.295,1,920000,S,5,936748.771
170.311,1,920000,B,5,936748.771
170.32,1,970000,S,5,936748.771
170.335,1,940000,S,5,936748.771
170.55,1,970000,S,5,936748.771
170.555,1,1000000,S,5,936748.771
170.863,1,880000,B,5,936748.771
170.909,1,1040000,S,5,936748.771
171.073,1,880000,B,5,936748.771
171.151,1,970000,S,5,936748.771
171.189,1,860000,B,5,936748.771
171.383,1,940000,S,5,936748.771
171.475,1,980000,S,5,936748.771
171.594,1,990000,S,5,936748.771
171.601,1,960000,S,5,936748.771
171.785,1,960000,S,5,936748.771
171.867,1,990000,S,5,936748.771
172.005,1,900000,B,5,936748.771
172.068,1,950000,B,5,936748.771
172.136,1,980000,S,5,936748.771
172.212,1,920000,B,5,936748.771
172.442,1,970000,B,5,936748.771
172.751,1,970000,S,5,936748.771
172.876,1,960000,S,5,936748.771
172.9,1,970000,S,5,936748.771
172.958,1,980000,S,5,936748.771
173.163,1,870000,B,5,936748.771
173.202,1,940000,S,5,936748.771
173.271,1,940000,B,5,936748.771
173.288,1,970000,S,5,936748.771
173.34,1,940000,S,5,936748.771
173.363,1,960000,S,5,936748.771
173.42,1,980000,S,5,936748.771
173.562,1,910000,B,5,936748.771
173.573,1,950000,B,5,936748.771
173.583,1,960000,S,5,936748.771
173.654,1,930000,B,5,936748.771
173.807,1,890000,B,5,936748.771
173.814,1,960000,S,5,936748.771
173.952,1,970000,S,5,936748.771
174.74,1,860000,B,5,936748.771
174.908,1,950000,B,5,936748.771
174.973,1,900000,B,5,936748.771
174.975,1,890000,B,5,936748.771
175.225,1,930000,B,5,936748.771
175.253,1,920000,S,5,936748.771
175.434,1,870000,B,5,936748.771
175.435,1,950000,S,5,936748.771
175.646,1,970000,S,5,936748.771
175.745,1,1010000,S,5,936748.771
175.78,1,950000,S,5,936748.771
175.895,1,940000,B,5,959876.779
176.273,1,920000,B,5,959876.779
176.352,1,930000,B,5,959876.779
176.41,1,990000,S,5,959876.779
176.436,1,970000,B,5,959876.779
176.703,1,960000,S,5,959876.779
176.937,1,950000,B,5,959876.779
177.073,1,900000,B,5,959876.779
177.121,1,950000,S,5,959876.779
177.161,1,940000,B,5,959876.779
177.181,1,940000,S,5,959876.779
177.442,1,980000,B,5,959876.779
177.455,1,950000,S,5,959876.779
177.472,1,940000,S,5,959876.779
177.635,1,960000,S,5,959876.779
177.734,1,960000,B,5,959876.779
177.944,1,960000,B,5,959876.779
177.971,1,980000,B,5,959876.779
178.234,1,1000000,B,5,959876.779
178.312,1,940000,B,5,959876.779
178.335,1,950000,S,5,959876.779
178.487,1,950000,S,5,959876.779
178.51,1,1000000,S,5,959876.779
178.617,1,1050000,S,5,959876.779
178.663,1,900000,B,5,959876.779
178.664,1,990000,B,5,959876.779
178.715,1,990000,S,5,959876.779
178.775,1,1010000,S,5,959876.779
178.779,1,920000,B,5,959876.779
178.931,1,980000,B,5,959876.779
179.008,1,1040000,S,5,959876.779
179.046,1,990000,B,5,959876.779
179.062,1,920000,B,5,959876.779
179.147,1,950000,B,5,959876.779
179.156,1,920000,S,5,959876.779
179.191,1,980000,S,5,959876.779
179.224,1,980000,S,5,959876.779
179.305,1,1020000,S,5,959876.779
179.367,1,930000,B,5,959876.779
179.464,1,1000000,S,5,959876.779
179.51,1,890000,B,5,959876.779
179.61,1,940000,S,5,959876.779
179.651,1,960000,S,5,959876.779
179.928,1,960000,B,5,959876.779
180.325,1,900000,B,5,959876.779
180.559,1,950000,S,5,959876.779
180.9,1,910000,B,5,959876.779
180.918,1,920000,S,5,959876.779
180.94,1,1010000,S,5,959876.779
180.964,1,950000,S,5,959876.779
181.046,1,940000,S,5,959876.779
181.137,1,950000,B,5,959876.779
181.327,1,970000,S,5,959876.779
181.333,1,940000,B,5,959876.779
181.477,1,960000,B,5,959876.779
181.588,1,950000,B,5,959876.779
182.018,1,1020000,S,5,959876.779
182.044,1,940000,S,5,959876.779
182.229,1,990000,B,5,959876.779
182.304,1,940000,B,5,959876.779
182.404,1,930000,S,5,959876.779
182.551,1,980000,B,5,959876.779
182.645,1,1040000,S,5,959876.779
182.712,1,980000,S,5,959876.779
182.727,1,930000,B,5,959876.779
182.831,1,980000,B,5,959876.779
183.138,1,940000,B,5,959876.779
183.219,1,940000,S,5,959876.779
183.37,1,970000,S,5,959876.779
183.485,1,1010000,S,5,959876.779
183.487,1,940000,B,5,959876.779
183.595,1,980000,B,5,959876.779
183.752,1,950000,B,5,959876.779
183.976,1,940000,S,5,959876.779
184.149,1,1000000,S,5,959876.779
184.258,1,970000,S,5,959876.779
184.514,1,910000,S,5,959876.779
184.555,1,970000,S,5,959876.779
184.584,1,1000000,B,5,959876.779
184.75,1,910000,B,5,959876.779
184.775,1,1000000,B,5,959876.779
184.809,1,970000,S,5,959876.779
184.811,1,980000,S,5,959876.779
184.887,1,920000,B,5,959876.779
185.096,1,940000,B,5,959876.779
185.207,1,930000,B,5,959876.779
185.267,1,940000,B,5,959876.779
185.419,1,850000,B,5,959876.779
185.449,1,970000,B,5,959876.779
185.621,1,900000,B,5,959876.779
185.747,1,890000,S,5,959876.779
185.774,1,990000,S,5,959876.779
185.786,1,980000,S,5,959876.779
185.829,1,970000,B,5,959876.779
186.058,1,920000,B,5,959876.779
186.155,1,950000,B,5,959876.779
186.332,1,940000,B,5,959876.779
186.342,1,970000,B,5,959876.779
186.424,1,990000,S,5,959876.779
186.5,1,950000,B,5,959876.779
186.516,1,950000,S,5,959876.779
186.526,1,990000,S,5,959876.779
186.561,1,990000,B,5,959876.779
186.677,1,960000,B,5,959876.779
186.858,1,960000,B,5,959876.779
186.868,1,930000,B,5,959876.779
186.882,1,950000,S,5,959876.779
186.994,1,970000,S,5,959876.779
187.14,1,960000,B,5,959876.779
187.182,1,970000,S,5,959876.779
187.197,1,970000,S,5,959876.779
187.302,1,960000,B,5,959876.779
187.673,1,990000,S,5,959876.779
187.755,1,980000,S,5,961434.069
187.949,1,920000,B,5,961434.069
187.95,1,990000,S,5,961434.069
188.193,1,980000,S,5,961434.069
188.195,1,960000,B,5,961434.069
188.258,1,1000000,B,5,961434.069
188.327,1,920000,B,5,961434.069
188.463,1,970000,S,5,961434.069
188.463,1,960000,S,5,961434.069
188.561,1,950000,B,5,961434.069
188.588,1,930000,B,5,961434.069
188.63,1,1000000,B,5,961434.069
188.799,1,940000,S,5,961434.069
189.222,1,1000000,S,5,961434.069
189.602,1,990000,S,5,961434.069
189.68,1,960000,B,5,961434.069
189.708,1,960000,B,5,961434.069
189.725,1,990000,S,5,961434.069
189.909,1,970000,S,5,961434.069
189.977,1,950000,S,5,961434.069
190.188,1,960000,B,5,961434.069
190.318,1,980000,S,5,961434.069
190.393,1,910000,S,5,961434.069
190.704,1,940000,B,5,961434.069
190.706,1,910000,B,5,961434.069
190.814,1,1020000,S,5,961434.069
190.819,1,1000000,S,5,961434.069
190.834,1,1050000,S,5,961434.069
191.013,1,950000,B,5,961434.069
191.067,1,870000,B,5,961434.069
191.188,1,990000,S,5,961434.069
191.24,1,950000,S,5,961434.069
191.277,1,930000,B,5,961434.069
191.591,1,1030000,S,5,961434.069
191.68,1,940000,B,5,961434.069
191.986,1,1010000,S,5,961434.069
191.986,1,980000,S,5,961434.069
192.158,1,900000,B,5,961434.069
192.367,1,960000,B,5,961434.069
192.372,1,940000,B,5,961434.069
192.382,1,970000,B,5,961434.069
192.403,1,1030000,S,5,961434.069
192.418,1,880000,B,5,961434.069
192.498,1,880000,B,5,961434.069
192.676,1,920000,B,5,961434.069
192.69,1,920000,B,5,961434.069
192.734,1,920000,B,5,961434.069
192.773,1,970000,S,5,961434.069
192.794,1,910000,S,5,961434.069
192.831,1,1000000,S,5,961434.069
192.902,1,950000,B,5,961434.069
193.066,1,950000,B,5,961434.069
193.238,1,970000,S,5,961434.069
193.273,1,960000,B,5,961434.069
193.387,1,1000000,B,5,961434.069
193.521,1,960000,B,5,961434.069
193.65,1,930000,B,5,961434.069
193.69,1,910000,B,5,961434.069
193.776,1,930000,S,5,961434.069
193.916,1,950000,B,5,961434.069
193.932,1,1000000,S,5,961434.069
193.992,1,970000,B,5,961434.069
194.13,1,990000,S,5,961434.069
194.187,1,900000,B,5,961434.069
194.235,1,960000,S,5,961434.069
194.343,1,960000,S,5,961434.069
194.686,1,960000,B,5,961434.069
194.769,1,960000,S,5,961434.069
194.929,1,920000,B,5,961434.069
194.946,1,980000,S,5,961434.069
195.074,1,950000,S,5,961434.069
195.084,1,970000,B,5,961434.069
195.112,1,1010000,S,5,961434.069
195.179,1,990000,S,5,961434.069
195.194,1,940000,B,5,961434.069
195.295,1,970000,S,5,961434.069
195.487,1,970000,S,5,961434.069
195.488,1,920000,B,5,961434.069
195.685,1,880000,B,5,961434.069
195.725,1,930000,B,5,961434.069
195.808,1,1000000,S,5,938663.281
195.834,1,980000,S,5,938663.281
195.874,1,880000,B,5,938663.281
195.968,1,960000,S,5,955400.965
196.094,1,1030000,S,5,955400.965
196.1,1,1050000,S,5,955400.965
196.193,1,940000,B,5,955400.965
196.317,1,950000,B,5,955400.965
196.417,1,990000,S,5,955400.965
196.52,1,950000,B,5,955400.965
196.555,1,950000,S,5,955400.965
196.609,1,980000,S,5,955400.965
196.617,1,1010000,S,5,955400.965
196.643,1,1000000,S,5,955400.965
196.67,1,980000,S,5,955400.965
196.788,1,900000,B,5,955400.965
197.074,1,940000,B,5,955400.965
197.333,1,970000,B,5,955400.965
197.372,1,930000,B,5,955400.965
197.406,1,950000,S,5,955400.965
197.644,1,900000,S,5,955400.965
197.8,1,980000,S,5,955400.965
197.84,1,1010000,S,5,955400.965
197.922,1,970000,S,5,955400.965
197.941,1,1010000,S,5,955400.965
198.064,1,960000,S,5,955400.965
198.079,1,920000,B,5,955400.965
198.119,1,970000,B,5,955400.965
198.351,1,960000,B,5,955400.965
198.374,1,1010000,S,5,955400.965
198.41,1,930000,B,5,955400.965
198.467,1,890000,S,5,955400.965
198.533,1,950000,B,5,955400.965
198.601,1,950000,B,5,955400.965
198.655,1,980000,S,5,955400.965
198.73,1,1040000,S,5,955400.965
198.942,1,890000,B,5,955400.965
199.029,1,940000,B,5,955400.965
199.217,1,960000,S,5,955400.965
199.46,1,1000000,S,5,955400.965
199.468,1,1020000,S,5,955400.965
199.503,1,970000,S,5,955400.965
199.524,1,970000,S,5,955400.965
199.593,1,930000,B,5,955400.965
199.852,1,920000,S,5,955400.965
199.954,1,990000,S,5,955400.965
200.081,1,900000,B,5,955400.965
200.138,1,990000,S,5,955400.965
200.381,1,920000,S,5,955400.965
200.446,1,960000,S,5,955400.965
200.716,1,940000,B,5,955400.965
200.843,1,870000,B,5,955400.965
200.948,1,990000,S,5,955400.965
200.998,1,930000,B,5,955400.965
201.118,1,970000,S,5,955400.965
201.176,1,940000,B,5,955400.965
201.191,1,1010000,S,5,955400.965
201.439,1,980000,S,5,955400.965
201.458,1,910000,B,5,955400.965
201.465,1,870000,B,5,955400.965
201.503,1,990000,S,5,955400.965
201.558,1,960000,B,5,955400.965
201.667,1,970000,B,5,955400.965
201.7,1,890000,B,5,955400.965
201.761,1,910000,B,5,955400.965
201.855,1,910000,B,5,955400.965
201.86,1,940000,B,5,955400.965
202.074,1,980000,B,5,955400.965
202.215,1,970000,S,5,955400.965
202.364,1,970000,S,5,955400.965
202.432,1,930000,B,5,955400.965
202.468,1,1000000,B,5,955400.965
202.534,1,960000,B,5,955400.965
202.537,1,950000,B,5,955400.965
202.693,1,1020000,S,5,955400.965
202.772,1,960000,S,5,955400.965
202.803,1,970000,B,5,955400.965
203.157,1,940000,B,5,955400.965
203.202,1,980000,B,5,955400.965
203.238,1,1000000,S,5,955400.965
203.304,1,970000,B,5,955400.965
203.33,1,950000,B,5,955400.965
203.342,1,930000,S,5,955400.965
203.37,1,970000,B,5,955400.965
203.422,1,940000,B,5,955400.965
203.576,1,940000,S,5,955400.965
203.81,1,1000000,B,5,955400.965
203.853,1,940000,B,5,955400.965
204.288,1,970000,S,5,955400.965
204.294,1,920000,B,5,955400.965
204.323,1,970000,S,5,955400.965
204.339,1,920000,S,5,955400.965
204.36,1,1000000,S,5,955400.965
204.556,1,950000,S,5,955400.965
204.563,1,980000,S,5,955400.965
204.815,1,960000,S,5,955400.965
204.839,1,960000,B,5,955400.965
204.903,1,980000,S,5,955400.965
204.915,1,980000,S,5,955400.965
205.027,1,970000,B,5,955400.965
205.027,1,970000,S,5,955400.965
205.141,1,960000,B,5,955400.965
205.214,1,900000,B,5,955400.965
205.329,1,910000,B,5,955400.965
205.428,1,940000,B,5,955400.965
205.443,1,1010000,S,5,955400.965
205.647,1,950000,B,5,955400.965
205.739,1,940000,S,5,955400.965
205.881,1,940000,B,5,955400.965
205.89,1,920000,B,5,955400.965
206.142,1,1000000,S,5,955400.965
206.154,1,980000,B,5,955400.965
206.211,1,980000,S,5,955400.965
206.29,1,920000,B,5,955400.965
206.291,1,970000,S,5,955400.965
206.332,1,990000,S,5,955400.965
206.566,1,950000,S,5,955400.965
206.62,1,950000,B,5,955400.965
206.749,1,980000,S,5,955400.965
206.772,1,910000,B,5,955400.965
206.831,1,980000,B,5,955400.965
206.934,1,950000,B,5,955400.965
207.302,1,1010000,S,5,955400.965
207.315,1,960000,S,5,955400.965
207.409,1,970000,B,5,955400.965
207.418,1,970000,S,5,955400.965
207.491,1,900000,B,5,955400.965
207.644,1,910000,B,5,955400.965
207.778,1,1040000,S,5,955400.965
207.818,1,890000,B,5,955400.965
207.833,1,990000,S,5,955400.965
207.91,1,1020000,S,5,955400.965
207.926,1,960000,B,5,955400.965
207.945,1,990000,S,5,955400.965
208.016,1,950000,S,5,955400.965
208.019,1,950000,S,5,955400.965
208.107,1,960000,S,5,955400.965
208.309,1,960000,B,5,955400.965
208.665,1,970000,S,5,955400.965
208.7,1,990000,S,5,955400.965
208.852,1,940000,B,5,955400.965
208.876,1,920000,S,5,955400.965
208.918,1,930000,B,5,955400.965
208.947,1,910000,B,5,955400.965
208.996,1,940000,B,5,955400.965
209.059,1,880000,B,5,955400.965
209.091,1,980000,S,5,955400.965
209.097,1,940000,B,5,955400.965
209.193,1,920000,B,5,955400.965
209.308,1,960000,S,5,955400.965
209.383,1,950000,S,5,955400.965
209.753,1,970000,S,5,955400.965
209.786,1,910000,B,5,955400.965
209.945,1,930000,B,5,955400.965
209.958,1,990000,S,5,955400.965
210.085,1,920000,B,5,955400.965
210.094,1,970000,B,5,955400.965
210.099,1,940000,S,5,955400.965
210.393,1,950000,S,5,955400.965
210.577,1,980000,B,5,955400.965
210.787,1,1020000,S,5,955400.965
210.843,1,950000,S,5,955400.965
210.897,1,960000,B,5,955400.965
211.089,1,990000,S,5,955400.965
211.336,1,970000,S,5,955400.965
211.376,1,920000,B,5,955400.965
211.422,1,1030000,S,5,955400.965
211.596,1,960000,S,5,955400.965
211.715,1,930000,S,5,955400.965
211.904,1,930000,B,5,955400.965
211.932,1,980000,S,5,955400.965
211.977,1,940000,S,5,955400.965
212.152,1,980000,S,5,955400.965
212.17,1,980000,S,5,955400.965
212.237,1,1000000,S,5,955400.965
212.239,1,980000,S,5,955400.965
212.398,1,1010000,S,5,955400.965
212.604,1,940000,B,5,955400.965
212.719,1,990000,B,5,955400.965
212.763,1,980000,S,5,955400.965
212.846,1,970000,S,5,955400.965
213.131,1,990000,S,5,955400.965
213.135,1,1020000,S,5,955400.965
213.237,1,980000,S,5,955400.965
213.253,1,960000,B,5,955400.965
213.308,1,920000,B,5,955400.965
213.413,1,970000,B,5,955400.965
213.584,1,1030000,S,5,955400.965
213.871,1,930000,B,5,955400.965
214.046,1,940000,S,5,955400.965
214.123,1,950000,B,5,955400.965
214.23,1,920000,B,5,955400.965
214.274,1,940000,B,5,955400.965
214.872,1,1040000,S,5,955400.965
214.903,1,920000,B,5,955400.965
214.907,1,990000,S,5,955400.965
214.991,1,980000,S,5,955400.965
215.007,1,950000,B,5,955400.965
215.243,1,920000,B,5,955400.965
215.343,1,980000,S,5,955400.965
215.413,1,930000,B,5,955400.965
215.448,1,960000,B,5,955400.965
215.474,1,1010000,S,5,955400.965
215.675,1,930000,B,5,955400.965
215.818,1,940000,B,5,955400.965
215.836,1,990000,S,5,955400.965
215.928,1,930000,B,5,955400.965
216.014,1,970000,S,5,955400.965
216.017,1,980000,B,5,955400.965
216.333,1,990000,S,5,955400.965
216.511,1,930000,B,5,955400.965
216.523,1,950000,S,5,955400.965
216.542,1,960000,S,5,955400.965
216.681,1,890000,B,5,955400.965
216.77,1,980000,S,5,955400.965
216.848,1,960000,S,5,955400.965
216.897,1,970000,B,5,955400.965
216.967,1,970000,S,5,955400.965
217.07,1,940000,S,5,955400.965
217.275,1,980000,S,5,958060.533
217.475,1,960000,B,5,958060.533
217.593,1,950000,B,5,958060.533
217.697,1,1000000,S,5,958060.533
217.785,1,990000,S,5,958060.533
217.796,1,980000,S,5,958060.533
217.887,1,910000,B,5,958060.533
218.362,1,990000,S,5,958060.533
218.368,1,1010000,S,5,958060.533
218.485,1,980000,S,5,958060.533
218.546,1,910000,B,5,958060.533
218.946,1,970000,B,5,958060.533
218.995,1,980000,S,5,958060.533
219.263,1,940000,B,5,958060.533
219.342,1,920000,B,5,958060.533
219.372,1,980000,S,5,958060.533
219.632,1,960000,S,5,958060.533
219.711,1,960000,S,5,958060.533
219.761,1,960000,B,5,958060.533
219.825,1,920000,S,5,958060.533
219.895,1,990000,B,5,958060.533
219.914,1,930000,S,5,958060.533
219.994,1,970000,B,5,958060.533
220.009,1,940000,B,5,958060.533
220.201,1,950000,S,5,958060.533
220.22,1,990000,S,5,958060.533
220.247,1,1000000,S,5,958060.533
220.255,1,950000,S,5,958060.533
220.325,1,940000,B,5,958060.533
220.36,1,1000000,S,5,958060.533
220.361,1,1040000,S,5,958060.533
220.396,1,930000,S,5,958060.533
220.404,1,940000,B,5,958060.533
220.466,1,1040000,S,5,958060.533
220.482,1,920000,B,5,958060.533
220.489,1,950000,S,5,958060.533
220.511,1,980000,S,5,958060.533
220.592,1,980000,S,5,958060.533
220.659,1,950000,S,5,958060.533
220.679,1,950000,B,5,958060.533
220.923,1,1020000,S,5,958060.533
221.134,1,1000000,S,5,958060.533
221.225,1,940000,B,5,958060.533
221.368,1,930000,B,5,958060.533
221.369,1,990000,S,5,958060.533
221.413,1,940000,S,5,958060.533
221.481,1,940000,B,5,958060.533
221.559,1,900000,B,5,958060.533
221.575,1,980000,S,5,958060.533
221.683,1,980000,S,5,958060.533
221.947,1,880000,B,5,946370.99
222.182,1,960000,B,5,946370.99
222.208,1,950000,B,5,946370.99
222.224,1,960000,S,5,946370.99
222.339,1,1000000,S,5,946370.99
222.395,1,940000,B,5,946370.99
222.415,1,900000,B,5,946370.99
222.42,1,990000,B,5,946370.99
222.451,1,920000,B,5,946370.99
222.534,1,920000,B,5,946370.99
222.76,1,970000,S,5,946370.99
222.845,1,910000,B,5,946370.99
222.845,1,910000,B,5,946370.99
222.905,1,980000,S,5,946370.99
222.931,1,960000,S,5,946370.99
222.948,1,990000,B,5,946370.99
223.015,1,930000,B,5,946370.99
223.03,1,960000,S,5,946370.99
223.077,1,1020000,S,5,946370.99
223.269,1,950000,S,5,946370.99
223.339,1,950000,B,5,946370.99
223.454,1,1000000,S,5,946370.99
223.471,1,950000,S,5,946370.99
223.477,1,930000,B,5,946370.99
223.505,1,940000,S,5,946370.99
223.554,1,950000,B,5,946370.99
223.803,1,950000,B,5,946370.99
223.815,1,910000,B,5,946370.99
223.854,1,940000,S,5,946370.99
224.07,1,900000,B,5,946370.99
224.096,1,920000,B,5,946370.99
224.126,1,1000000,B,5,946370.99
224.311,1,960000,S,5,946370.99
224.47,1,920000,B,5,946370.99
224.637,1,960000,S,5,946370.99
224.657,1,960000,S,5,946370.99
224.853,1,940000,S,5,946370.99
225.011,1,920000,B,5,946370.99
225.057,1,970000,B,5,946370.99
225.403,1,970000,S,5,946370.99
225.447,1,960000,S,5,946370.99
225.514,1,900000,B,5,946370.99
225.618,1,890000,B,5,946370.99
225.625,1,920000,B,5,946370.99
225.693,1,990000,S,5,946370.99
225.735,1,980000,S,5,946370.99
225.809,1,920000,B,5,946370.99
225.89,1,960000,S,5,946370.99
226.085,1,980000,B,5,946370.99
226.329,1,940000,S,5,946370.99
226.389,1,920000,S,5,946370.99
226.603,1,880000,B,5,940285.596
226.713,1,920000,S,5,940285.596
226.757,1,980000,S,5,940285.596
226.783,1,1010000,S,5,940285.596
226.838,1,960000,S,5,940285.596
227.149,1,970000,S,5,940285.596
227.182,1,940000,B,5,940285.596
227.203,1,890000,B,5,940285.596
227.402,1,940000,S,5,934611.725
227.413,1,950000,B,5,934611.725
227.459,1,940000,B,5,934611.725
227.498,1,910000,B,5,934611.725
227.556,1,880000,B,5,934611.725
227.996,1,960000,S,5,934611.725
228.111,1,870000,B,5,934611.725
228.187,1,950000,B,5,934611.725
228.517,1,910000,B,5,934611.725
228.615,1,880000,B,5,934611.725
228.707,1,970000,S,5,934611.725
228.75,1,930000,B,5,934611.725
228.835,1,940000,B,5,934611.725
228.872,1,950000,S,5,934611.725
229.131,1,920000,S,5,934611.725
229.169,1,880000,B,5,934611.725
229.312,1,930000,B,5,934611.725
229.424,1,920000,B,5,934611.725
229.613,1,890000,B,5,934611.725
229.648,1,910000,B,5,934611.725
229.691,1,930000,B,5,934611.725
229.803,1,920000,S,5,934611.725
229.888,1,860000,B,5,934611.725
229.915,1,970000,S,5,934611.725
229.928,1,960000,S,5,934611.725
229.95,1,910000,S,5,934611.725
230.034,1,860000,B,5,934611.725
230.073,1,990000,B,5,934611.725
230.148,1,900000,B,5,934611.725
230.227,1,910000,S,5,934611.725
230.267,1,880000,S,5,934611.725
230.304,1,930000,B,5,934611.725
230.309,1,1040000,S,5,934611.725
230.393,1,980000,S,5,934611.725
230.455,1,950000,B,5,934611.725
230.934,1,910000,S,5,934611.725
231.056,1,990000,S,5,934611.725
231.109,1,920000,B,5,934611.725
231.185,1,940000,S,5,934611.725
231.285,1,960000,S,5,934611.725
231.403,1,940000,S,5,934611.725
231.567,1,960000,S,5,934611.725
231.587,1,900000,B,5,934611.725
231.734,1,950000,S,5,934611.725
231.857,1,1020000,S,5,934611.725
232.195,1,940000,S,5,934611.725
232.244,1,950000,B,5,934611.725
232.346,1,980000,S,5,934611.725
232.386,1,920000,B,5,934611.725
232.46,1,960000,B,5,934611.725
232.607,1,990000,S,5,934611.725
232.653,1,910000,S,5,934611.725
232.752,1,1000000,S,5,934611.725
232.939,1,870000,B,5,934611.725
233.137,1,980000,S,5,934611.725
233.214,1,980000,S,5,934611.725
233.507,1,920000,B,5,934611.725
233.553,1,940000,S,5,934611.725
233.696,1,920000,B,5,934611.725
233.75,1,930000,S,5,934611.725
233.775,1,910000,B,5,934611.725
233.926,1,950000,B,5,934611.725
234.027,1,1010000,S,5,934611.725
234.12,1,920000,B,5,934611.725
234.326,1,920000,S,5,934611.725
234.336,1,980000,S,5,934611.725
234.336,1,990000,B,5,934611.725
234.348,1,970000,S,5,934611.725
234.465,1,940000,S,5,934611.725
234.503,1,980000,S,5,934611.725
234.742,1,930000,S,5,934611.725
234.795,1,950000,B,5,934611.725
234.864,1,970000,S,5,934611.725
234.937,1,910000,B,5,934611.725
234.996,1,960000,S,5,934611.725
235.091,1,990000,S,5,934611.725
235.218,1,930000,S,5,934611.725
235.462,1,950000,S,5,934611.725
235.51,1,970000,B,5,934611.725
235.56,1,950000,B,5,934611.725
235.703,1,960000,B,5,934611.725
235.794,1,880000,B,5,934611.725
235.895,1,950000,S,5,934611.725
235.944,1,850000,B,5,884406.067
236.017,1,980000,S,5,884406.067
236.033,1,880000,B,5,884406.067
236.165,1,820000,B,5,884406.067
236.204,1,890000,B,5,884406.067
236.378,1,860000,B,5,884406.067
236.466,1,860000,S,5,884406.067
236.499,1,960000,S,5,884406.067
236.61,1,890000,B,5,884406.067
236.647,1,920000,B,5,884406.067
236.71,1,890000,S,5,884406.067
236.98,1,890000,B,5,884406.067
237.015,1,860000,B,5,884406.067
237.11,1,870000,S,5,884406.067
237.257,1,860000,B,5,884406.067
237.325,1,830000,B,5,884406.067
237.452,1,900000,S,5,884406.067
237.482,1,920000,S,5,884406.067
237.543,1,930000,S,5,884406.067
237.703,1,910000,S,5,884406.067
237.736,1,920000,S,5,884406.067
237.751,1,820000,B,5,884406.067
237.885,1,880000,B,5,884406.067
238.07,1,900000,S,5,884406.067
238.302,1,890000,S,5,884406.067
238.323,1,930000,S,5,884406.067
238.422,1,890000,S,5,884406.067
238.463,1,940000,S,5,884406.067
238.502,1,830000,B,5,884406.067
238.521,1,920000,S,5,884406.067
238.55,1,840000,B,5,884406.067
238.604,1,920000,S,5,884406.067
238.63,1,910000,S,5,884406.067
238.64,1,870000,B,5,884406.067
238.831,1,870000,S,5,884406.067
238.857,1,850000,B,5,884406.067
238.888,1,860000,B,5,884406.067
239.029,1,860000,B,5,884406.067
239.38,1,910000,B,5,884406.067
239.391,1,920000,B,5,884406.067
239.405,1,910000,S,5,884406.067
239.497,1,860000,B,5,884406.067
239.578,1,870000,B,5,884406.067
239.607,1,890000,B,5,884406.067
239.814,1,870000,B,5,884406.067
239.838,1,910000,S,5,884406.067
239.849,1,950000,S,5,884406.067
239.953,1,840000,B,5,884406.067
239.98,1,850000,B,5,884406.067
239.998,1,870000,B,5,884406.067
